ruta,metodo,archivo,linea
/api/avm/fsd/{property_id},GET,backend/routes/accuracy.py,64
/api/accuracy/meta-dashboard,GET,backend/routes/accuracy.py,91
/api/accuracy/export.csv,GET,backend/routes/accuracy.py,254
/api/accuracy/export.pdf,GET,backend/routes/accuracy.py,297
/api/asesor/perfil-publico/{slug},GET,backend/routes/advisor.py,3873
/api/superadmin/agentic-crm/routings/metrics,GET,backend/routes/agentic_crm.py,276
/api/agentic-crm/visit-prep/dossiers/{dossier_id}/mark-viewed,POST,backend/routes/agentic_crm.py,436
/api/agentic-crm/webhooks/resend-inbound,POST,backend/routes/agentic_crm.py,497
/api/agentic-crm/replies/{reply_id}/escalate,POST,backend/routes/agentic_crm.py,678
/api/superadmin/agentic-crm/nurture/stats,GET,backend/routes/agentic_crm.py,1066
/api/agentic-crm/casamentera/{lead_id},GET,backend/routes/agentic_crm.py,1246
/api/agentic-crm/argumentario/{lead_id}/mark-used,POST,backend/routes/agentic_crm.py,1351
/api/asesor/calendar/webhook/callback,POST,backend/routes/asesor_daily_tools.py,76
/api/public/endorsements,POST,backend/routes/asesor_identity.py,87
/api/public/endorsements/confirm/{token},GET,backend/routes/asesor_identity.py,115
/api/public/asesor/{asesor_id}/contact,POST,backend/routes/asesor_identity.py,232
/api/public/asesor/{asesor_id}/trust-score,GET,backend/routes/asesor_identity.py,275
/api/asesor-identity/by-slug/{slug},GET,backend/routes/asesor_identity.py,337
/api/asistente/sessions/{session_token},GET,backend/routes/asistente.py,99
/api/asistente/sessions,POST,backend/routes/asistente.py,133
/api/asistente/sessions/{session_token}/messages,POST,backend/routes/asistente.py,151
/api/asistente/sessions/{session_token}/capture-lead,POST,backend/routes/asistente.py,242
/api/auth/register,POST,backend/routes/auth.py,123
/api/auth/login,POST,backend/routes/auth.py,153
/api/auth/session,POST,backend/routes/auth.py,189
/api/auth/logout,POST,backend/routes/auth.py,262
/api/auth/comprador/magic-link/request,POST,backend/routes/auth.py,324
/api/auth/comprador/magic-link/verify,GET,backend/routes/auth.py,398
/api/auth/in-house/accept-invitation,POST,backend/routes/auth.py,471
/api/avm-public/quick,GET,backend/routes/avm_public.py,44
/api/avm-public/colonia/{slug},GET,backend/routes/avm_public.py,76
/api/avm-public/colonias/top,GET,backend/routes/avm_public.py,85
/api/avm-public/widget-config/{colonia_slug},GET,backend/routes/avm_public.py,92
/api/avm-public/landing/{colonia_slug},GET,backend/routes/avm_public.py,145
/api/leads/public,POST,backend/routes/b13.py,100
/api/tracking/view,POST,backend/routes/b13.py,441
/api/brochures/variants,GET,backend/routes/brochure.py,53
/api/brochures/files/{brochure_id}/pdf,GET,backend/routes/brochure.py,166
/api/brochures/files/{brochure_id}/social/{fmt},GET,backend/routes/brochure.py,182
/api/bulletins/{slug}/{period},GET,backend/routes/bulletins.py,45
/api/bulletins/{slug}/{period}/pdf,GET,backend/routes/bulletins.py,62
/api/public/methodology,GET,backend/routes/bulletins.py,78
/api/public/buy-signal/{dev_id},GET,backend/routes/buy_signal.py,121
/api/public/ownership/{dev_id},GET,backend/routes/buy_signal.py,241
/api/buyer-coach/start,POST,backend/routes/buyer_coach.py,61
/api/buyer-coach/{conversation_id}/message,POST,backend/routes/buyer_coach.py,76
/api/buyer-coach/{conversation_id}/stage/{n}/checklist,GET,backend/routes/buyer_coach.py,91
/api/buyer-coach/{conversation_id}/advance,POST,backend/routes/buyer_coach.py,111
/api/buyer-coach/{conversation_id}/zone-recommendations,GET,backend/routes/buyer_coach.py,124
/api/buyer-coach/{conversation_id}/capture-lead,POST,backend/routes/buyer_coach.py,139
/api/buyer-coach/similar-projects,GET,backend/routes/buyer_coach.py,157
/api/buyer/signal,POST,backend/routes/buyer_signals.py,140
/api/buyer/elasticidad,POST,backend/routes/buyer_signals.py,220
/api/desarrollo/{dev_id}/interes,GET,backend/routes/buyer_signals.py,301
/api/buyer/mi-gusto,GET,backend/routes/buyer_signals.py,338
/api/buyer/experiencia-fotos/{dev_id},GET,backend/routes/buyer_signals.py,375
/api/buyer/experiencia-parallax/{dev_id},GET,backend/routes/buyer_signals.py,445
/api/buyer/donde-vivir,GET,backend/routes/buyer_signals.py,531
/api/buyer/demanda-mapa,GET,backend/routes/buyer_signals.py,602
/api/buyer/registrar,POST,backend/routes/buyer_signals.py,984
/api/buyer/parecidos,GET,backend/routes/buyer_signals.py,1083
/api/casamentera/correr,POST,backend/routes/casamentera.py,110
/api/buyer/alertas,GET,backend/routes/casamentera.py,130
/api/climate-migration/heatmap,GET,backend/routes/climate_migration.py,68
/api/climate-migration/zone/{zone_slug},GET,backend/routes/climate_migration.py,122
/api/climate-migration/patterns,GET,backend/routes/climate_migration.py,247
/api/public/cma/{cma_id},GET,backend/routes/cma.py,126
/api/privacy/dsr,POST,backend/routes/compliance.py,53
/api/composites/comprador,GET,backend/routes/composites.py,29
/api/composites/inversor,GET,backend/routes/composites.py,37
/api/construction-quality/{development_id},GET,backend/routes/construction_quality.py,43
/api/construction-quality,GET,backend/routes/construction_quality.py,59
/api/buyer/parecidos-cerraron,GET,backend/routes/copiloto_flywheel.py,222
/api/marketplace/cube-actions,GET,backend/routes/cube_inbox.py,134
/api/dev/erp-webhooks/{provider}/event,POST,backend/routes/dev_batch1.py,1418
/api/oauth/google/callback,GET,backend/routes/dev_batch15.py,89
/api/public/appointments/book,POST,backend/routes/dev_batch15.py,411
/api/public/projects/{slug}/booking,GET,backend/routes/dev_batch16.py,60
/api/public/projects/{slug}/availability,POST,backend/routes/dev_batch16.py,133
/api/public/projects/{slug}/book,POST,backend/routes/dev_batch16.py,183
/api/dev/invitations/{token}/verify,GET,backend/routes/dev_batch3.py,53
/api/dev/invitations/{token}/accept,POST,backend/routes/dev_batch3.py,88
/api/auth/internal/login,POST,backend/routes/dev_batch3.py,205
/api/projects/{project_id}/slots/availability,GET,backend/routes/dev_batch4_1.py,817
/api/internal/reminders/trigger,POST,backend/routes/dev_batch4_3.py,297
/api/cita/public/{token},GET,backend/routes/dev_batch4_3.py,324
/api/cita/public/{token}/confirm,POST,backend/routes/dev_batch4_3.py,389
/api/cita/public/{token}/cancel,POST,backend/routes/dev_batch4_3.py,432
/api/cita/public/{token}/reschedule,POST,backend/routes/dev_batch4_3.py,482
/api/leads/{lead_id}/post-realizada-followup,POST,backend/routes/dev_batch4_3.py,745
/api/notifications/{nid}/dismiss,POST,backend/routes/dev_batch4_3.py,810
/api/leads/{lead_id}/heat,GET,backend/routes/dev_batch4_4.py,330
/api/leads/{lead_id}/refresh-ai-summary,POST,backend/routes/dev_batch4_4.py,555
/api/dev/analytics/movement-alerts,GET,backend/routes/dev_batch4_4.py,742
/api/dev/pricing-experiments/{exp_id}/assign-visitor,POST,backend/routes/dev_batch5.py,224
/api/dev/pricing-experiments/resolve,POST,backend/routes/dev_batch5.py,277
/api/dev/pricing-experiments/{exp_id}/track-event,POST,backend/routes/dev_batch5.py,343
/api/dev/inegi/cache-stats,GET,backend/routes/dev_batch7_2.py,403
/api/desarrollador/security/summary,GET,backend/routes/developer.py,1570
/api/superadmin/director/memory/stats,GET,backend/routes/director_memory.py,102
/api/superadmin/developments/{dev_id}/documents/upload,POST,backend/routes/documents.py,245
/api/superadmin/developments/{dev_id}/sync-apply,POST,backend/routes/documents.py,581
/api/superadmin/developments/{dev_id}/assets/upload,POST,backend/routes/documents.py,677
/api/superadmin/developments/{dev_id}/assets/regenerate-plano-thumbnails,POST,backend/routes/documents.py,856
/api/developments/{dev_id}/assets,GET,backend/routes/documents.py,869
/api/desarrollador/developments/{dev_id}/documents,GET,backend/routes/documents.py,891
/api/desarrollador/developments/{dev_id}/documents/upload,POST,backend/routes/documents.py,898
/api/desarrollador/documents/{doc_id},GET,backend/routes/documents.py,916
/api/desarrollador/documents/{doc_id}/download,GET,backend/routes/documents.py,921
/api/desarrollador/documents/{doc_id}/reprocess-ocr,POST,backend/routes/documents.py,926
/api/desarrollador/documents/{doc_id},DELETE,backend/routes/documents.py,931
/api/desarrollador/documents,GET,backend/routes/documents.py,936
/api/desarrollador/documents/{doc_id}/extract,POST,backend/routes/documents.py,945
/api/desarrollador/documents/{doc_id}/extraction,GET,backend/routes/documents.py,950
/api/desarrollador/developments/{dev_id}/documents/bulk-extract,POST,backend/routes/documents.py,955
/api/desarrollador/developments/{dev_id}/cross-check,POST,backend/routes/documents.py,961
/api/desarrollador/developments/{dev_id}/cross-check,GET,backend/routes/documents.py,966
/api/desarrollador/developments/{dev_id}/sync-preview,GET,backend/routes/documents.py,972
/api/desarrollador/developments/{dev_id}/sync-apply,POST,backend/routes/documents.py,977
/api/desarrollador/developments/{dev_id}/sync-revert/{audit_id},POST,backend/routes/documents.py,982
/api/desarrollador/developments/{dev_id}/sync-audit,GET,backend/routes/documents.py,987
/api/desarrollador/developments/{dev_id}/sync-lock-field,POST,backend/routes/documents.py,992
/api/desarrollador/sync/pending-summary,GET,backend/routes/documents.py,997
/api/desarrollador/developments/{dev_id}/assets/upload,POST,backend/routes/documents.py,1003
/api/desarrollador/developments/{dev_id}/assets/reorder,POST,backend/routes/documents.py,1012
/api/desarrollador/developments/{dev_id}/assets/{asset_id}/categorize,POST,backend/routes/documents.py,1017
/api/desarrollador/developments/{dev_id}/assets/{asset_id}/generate-360,POST,backend/routes/documents.py,1022
/api/desarrollador/developments/{dev_id}/assets/{asset_id},DELETE,backend/routes/documents.py,1027
/api/desarrollador/developments/{dev_id}/assets/regenerate-plano-thumbnails,POST,backend/routes/documents.py,1032
/api/drpi/national/{period},GET,backend/routes/drpi.py,140
/api/public/search/by-url,POST,backend/routes/external_search.py,148
/api/public/saved-search/confirm/{token},GET,backend/routes/external_search.py,296
/api/public/saved-search/unsubscribe/{token},GET,backend/routes/external_search.py,308
/api/buyer/favoritos,GET,backend/routes/favoritos.py,50
/api/buyer/favoritos/quitar,POST,backend/routes/favoritos.py,100
/api/buyer/favoritos/cita,POST,backend/routes/favoritos.py,125
/api/buyer/favoritos/nota,POST,backend/routes/favoritos.py,158
/api/forecast-public/zone/{slug},GET,backend/routes/forecast_public.py,54
/api/forecast-public/property,GET,backend/routes/forecast_public.py,116
/api/forecast-public/cache-stats,GET,backend/routes/forecast_public.py,179
/api/free-audit/submit,POST,backend/routes/free_audit.py,65
/api/free-audit/upload-floor-plan,POST,backend/routes/free_audit.py,91
/api/free-audit/floor-plan/{filename},GET,backend/routes/free_audit.py,116
/api/free-audit/{audit_id},GET,backend/routes/free_audit.py,126
/api/free-audit/{audit_id}/download,GET,backend/routes/free_audit.py,139
/api/free-audit/{audit_id}/resend-email,POST,backend/routes/free_audit.py,157
/api/funnel/event,POST,backend/routes/funnel.py,65
/api/zona/{colonia_id}/gentrificacion,GET,backend/routes/gentrificacion.py,22
/api/superadmin/gentrificacion/{colonia_id}/persist,POST,backend/routes/gentrificacion.py,38
/api/superadmin/gentrificacion/backfill,POST,backend/routes/gentrificacion.py,48
/api/gov-data-mx/public/{source_id},GET,backend/routes/gov_data_mx.py,169
/api/inmobiliaria/ampi-verify,POST,backend/routes/inmobiliaria.py,151
/api/auth/in-house/invitation,GET,backend/routes/internal_users.py,306
/api/investment-simulator/colonia/{slug}/baseline,GET,backend/routes/investment_simulator.py,72
/api/investment-simulator/stress-test,POST,backend/routes/investment_simulator.py,83
/api/investment-simulator/colonia/{slug}/comparables,GET,backend/routes/investment_simulator.py,97
/api/investment-simulator/analyze,POST,backend/routes/investment_simulator.py,132
/api/investment-simulator/min-rent,POST,backend/routes/investment_simulator.py,152
/api/investment-simulator/colonia/{slug}/autofill,GET,backend/routes/investment_simulator.py,160
/api/investment-simulator/capture-lead,POST,backend/routes/investment_simulator.py,176
/api/investment-simulator/save,POST,backend/routes/investment_simulator.py,189
/api/public/landing/colonia/{slug},GET,backend/routes/landings.py,54
/api/public/landing/alcaldia/{slug},GET,backend/routes/landings.py,117
/api/public/landing/intent/{intent},GET,backend/routes/landings.py,179
/api/public/landing/lead,POST,backend/routes/landings.py,235
/api/webhooks/email-inbound,POST,backend/routes/lead_capture.py,104
/api/webhooks/fb-lead-ads,GET,backend/routes/lead_capture.py,183
/api/webhooks/fb-lead-ads,POST,backend/routes/lead_capture.py,195
/api/lead-capture/score,POST,backend/routes/lead_capture_marketplace.py,110
/api/lead-capture,POST,backend/routes/lead_capture_marketplace.py,150
/api/lead-capture/pdf/{file_id},GET,backend/routes/lead_capture_marketplace.py,174
/api/live-pulse/zones,GET,backend/routes/live_pulse.py,96
/api/live-pulse/zone/{slug}/timeline,GET,backend/routes/live_pulse.py,127
/api/mapa/capas,GET,backend/routes/mapa_capas.py,62
/api/mapa/capa/{key},GET,backend/routes/mapa_capas.py,76
/api/mapa/colonia/{colonia_id}/predios-avm,GET,backend/routes/mapa_predios.py,40
/api/maps/layers/{layer_key},GET,backend/routes/maps.py,46
/api/maps/atlax-context,POST,backend/routes/maps.py,96
/api/maps/property/{prop_type}/{prop_id},GET,backend/routes/maps.py,110
/api/maps-cross/funnel-inverso/{listing_id},GET,backend/routes/maps_cross.py,36
/api/maps-cross/demand-gap,GET,backend/routes/maps_cross.py,65
/api/public/mortgage/calculate,POST,backend/routes/marketplace_calculator.py,87
/api/public/mortgage/save,POST,backend/routes/marketplace_calculator.py,122
/api/public/virtual-tour/request,POST,backend/routes/marketplace_calculator.py,150
/api/public/colonia/{colonia_id}/report-request,POST,backend/routes/marketplace_lead_tools.py,100
/api/public/quiz/submit,POST,backend/routes/marketplace_lead_tools.py,176
/api/public/compare,POST,backend/routes/marketplace_lead_tools.py,243
/api/public/compare/pdf,POST,backend/routes/marketplace_lead_tools.py,277
/api/public/map/levels,GET,backend/routes/marketplace_map.py,220
/api/public/map/heatmap,GET,backend/routes/marketplace_map.py,234
/api/public/map/colonia/{colonia_id},GET,backend/routes/marketplace_map.py,308
/api/public/search/by-image,POST,backend/routes/marketplace_search.py,54
/api/marketplace/developments,GET,backend/routes/marketplace_search.py,144
/api/marketplace/templates,GET,backend/routes/marketplace_templates.py,152
/api/marketplace/templates/search,GET,backend/routes/marketplace_templates.py,166
/api/mcp/track-adoption,POST,backend/routes/mcp_distribution.py,33
/api/mood/quiz/submit,POST,backend/routes/mood.py,72
/api/mood/property/{property_id}/profile,GET,backend/routes/mood.py,91
/api/mood/user/{visitor_session_id}/latest,GET,backend/routes/mood.py,112
/api/narrative/generate,POST,backend/routes/narrative.py,71
/api/narrative/cached/{scope}/{entity_id},GET,backend/routes/narrative.py,91
/api/narrative/feedback,POST,backend/routes/narrative.py,110
/api/users/{user_id}/newsletter-opt-in,POST,backend/routes/newsletter.py,150
/api/users/{user_id}/newsletter-opt-out/{segment},POST,backend/routes/newsletter.py,178
/api/users/{user_id}/newsletter-opt-out/{segment},GET,backend/routes/newsletter.py,179
/api/perfil/recomendar,POST,backend/routes/perfil_recomendar.py,168
/api/perfil/registrar-busqueda,POST,backend/routes/perfil_recomendar.py,269
/api/plusvalia/{colonia_id},GET,backend/routes/plusvalia.py,55
/api/plusvalia/_meta/colonias,GET,backend/routes/plusvalia.py,81
/api/plusvalia/_admin/estado,GET,backend/routes/plusvalia.py,93
/api/public/press/stats,GET,backend/routes/press.py,29
/api/auth/validate-code/{code},GET,backend/routes/private_beta.py,120
/api/auth/signup-broker,POST,backend/routes/private_beta.py,136
/api/waitlist/signup,POST,backend/routes/private_beta.py,208
/api/zona/{colonia_id}/pulso,GET,backend/routes/public.py,296
/api/zona/{colonia_id}/inversion,GET,backend/routes/public.py,335
/api/zona/{colonia_id}/ciclo,GET,backend/routes/public.py,497
/api/zona/{colonia_id}/riesgo,GET,backend/routes/public.py,524
/api/zona/{colonia_id}/vida,GET,backend/routes/public.py,541
/api/zona/{colonia_id}/lugares,GET,backend/routes/public.py,560
/api/zona/place-photo,GET,backend/routes/public.py,616
/api/market/vehiculos,GET,backend/routes/public.py,628
/api/inversion-v4/analyze,POST,backend/routes/public.py,640
/api/inversion-v4/analytics,GET,backend/routes/public.py,748
/api/inversion-v4/portafolio,POST,backend/routes/public.py,773
/api/inversion-v4/zona-contexto,GET,backend/routes/public.py,829
/api/superadmin/atlas-riesgo/ingest,POST,backend/routes/public.py,921
/api/superadmin/shf/refresh,POST,backend/routes/public.py,952
/api/inversion-v4/airroi,POST,backend/routes/public.py,974
/api/superadmin/google-places/ingest-lugares,POST,backend/routes/public.py,1029
/api/superadmin/google-places/ingest,POST,backend/routes/public.py,1040
/api/colonias,GET,backend/routes/public.py,1052
/api/colonias-geojson,GET,backend/routes/public.py,1057
/api/colonia-watch,POST,backend/routes/public.py,1170
/api/colonia-watch,DELETE,backend/routes/public.py,1185
/api/colonia-watch,GET,backend/routes/public.py,1191
/api/catastro/colonia/{colonia_id}/far-vintage,GET,backend/routes/public.py,1208
/api/catastro/colonia/{colonia},GET,backend/routes/public.py,1216
/api/precio-posicion,GET,backend/routes/public.py,1237
/api/mapa/colonia/{colonia_id}/valoracion,GET,backend/routes/public.py,1263
/api/precio-posicion-batch,POST,backend/routes/public.py,1286
/api/public/payment-schemes/{project_id},GET,backend/routes/public.py,1314
/api/catastro/predios-bbox,GET,backend/routes/public.py,1334
/api/para-ti,GET,backend/routes/public.py,1393
/api/colonias-similar/{colonia_id},GET,backend/routes/public.py,1432
/api/colonias/{colonia_id},GET,backend/routes/public.py,1443
/api/colonias/{colonia_id}/propiedades,GET,backend/routes/public.py,1451
/api/properties,GET,backend/routes/public.py,1459
/api/properties/{prop_id},GET,backend/routes/public.py,1509
/api/properties/{prop_id}/similares,GET,backend/routes/public.py,1517
/api/properties/{prop_id}/briefing,POST,backend/routes/public.py,1545
/api/developments,GET,backend/routes/public.py,1653
/api/developments/casi,GET,backend/routes/public.py,1908
/api/developments/{dev_id},GET,backend/routes/public.py,2029
/api/developments/{dev_id}/units,GET,backend/routes/public.py,2090
/api/developments/{dev_id}/compliance-badge,GET,backend/routes/public.py,2117
/api/developments/{dev_id}/similar,GET,backend/routes/public.py,2163
/api/developments/{dev_id}/rank,GET,backend/routes/public.py,2175
/api/developers/{developer_id},GET,backend/routes/public.py,2209
/api/developments/{dev_id}/briefing,POST,backend/routes/public.py,2221
/api/colonias-search,GET,backend/routes/public.py,2380
/api/public/pulso-zona,GET,backend/routes/public.py,2410
/api/public/registro-interes,POST,backend/routes/public.py,2500
/api/properties/search-ai,POST,backend/routes/public.py,2519
/api/search/nlp,POST,backend/routes/public.py,3144
/api/health,GET,backend/routes/public.py,3152
/api/v1/zones/{zone_id}/snapshot,GET,backend/routes/public_api_v1.py,82
/api/v1/zones/{zone_id}/timeseries,GET,backend/routes/public_api_v1.py,127
/api/v1/zones/{zone_id}/zone-score,GET,backend/routes/public_api_v1.py,148
/api/v1/zones/{zone_id}/risk-score,GET,backend/routes/public_api_v1.py,175
/api/v1/zones/{zone_id}/drpi,GET,backend/routes/public_api_v1.py,203
/api/v1/comparables,GET,backend/routes/public_api_v1.py,232
/api/v1/market/indices,GET,backend/routes/public_api_v1.py,284
/api/v1/market/indices/history,GET,backend/routes/public_api_v1.py,310
/api/v1/zones/{zone_id}/demand,GET,backend/routes/public_api_v1.py,325
/api/v1/zones/{zone_id}/bancabilidad,GET,backend/routes/public_api_v1.py,354
/api/v1/valuations/{property_id},GET,backend/routes/public_api_v1.py,367
/api/v1/demand-pulse,GET,backend/routes/public_api_v1.py,409
/api/v1/openapi,GET,backend/routes/public_api_v1.py,706
/api/public/market/index,GET,backend/routes/public_market.py,37
/api/public/market/amenity-ranker,GET,backend/routes/public_market.py,67
/api/public/zones/{slug},GET,backend/routes/public_zones.py,48
/api/reverse-search,POST,backend/routes/reverse_search.py,81
/api/reviews/zone/{zone_id},GET,backend/routes/reviews_residents.py,38
/api/reviews/development/{dev_id},GET,backend/routes/reviews_residents.py,45
/api/reviews/summary/{entity_type}/{entity_id},GET,backend/routes/reviews_residents.py,52
/api/investment-simulator/score,GET,backend/routes/score_inversion.py,43
/api/investment-simulator/score/top-colonias,GET,backend/routes/score_inversion.py,71
/api/zones/{zone_id}/scores,GET,backend/routes/scores.py,211
/api/zones/{zone_id}/scores/coverage,GET,backend/routes/scores.py,244
/api/developments/{dev_id}/scores,GET,backend/routes/scores.py,287
/api/units/{unit_id}/scores,GET,backend/routes/scores.py,293
/api/zones/{zone_id}/scores/explain,GET,backend/routes/scores.py,324
/api/seo/llms.txt,GET,backend/routes/seo_files.py,121
/api/seo/sitemap.xml,GET,backend/routes/seo_files.py,128
/api/seo/.well-known/ai-plugin.json,GET,backend/routes/seo_files.py,183
/api/seo-themed/{theme_key},GET,backend/routes/seo_themed.py,85
/api/seo-themed,GET,backend/routes/seo_themed.py,154
/api/public/colonia/{colonia_id}/history,GET,backend/routes/share_meta.py,44
/api/share/comparar/meta,GET,backend/routes/share_meta.py,57
/api/share/comparar/og-image,GET,backend/routes/share_meta.py,193
/api/exports/qr,GET,backend/routes/share_meta.py,261
/api/share/cma/{cma_id}/og-image,GET,backend/routes/share_meta.py,396
/api/share/cma/{cma_id}/meta,GET,backend/routes/share_meta.py,442
/api/asesor/smart-lists/presets,GET,backend/routes/smart_lists.py,55
/api/soc-franchise/leaderboard,GET,backend/routes/soc_franchise.py,62
/api/social-ads/oauth/callback,GET,backend/routes/social_ads.py,165
/api/state-of-cdmx,GET,backend/routes/state_of_cdmx.py,19
/api/state-of-cdmx/og-image/{period}.png,GET,backend/routes/state_of_cdmx.py,27
/api/state-of-cdmx/{period},GET,backend/routes/state_of_cdmx.py,42
/api/studio/library,GET,backend/routes/studio.py,354
/api/studio/dashboard,GET,backend/routes/studio.py,368
/api/studio/generate-video,POST,backend/routes/studio.py,388
/api/studio/generate-ads,POST,backend/routes/studio.py,422
/api/studio/videos/{vid},GET,backend/routes/studio.py,442
/api/studio/ad-batches/{bid},GET,backend/routes/studio.py,451
/api/studio/ad-batches/{bid}/hero-image/{angulo},POST,backend/routes/studio.py,460
/api/studio/assets/{asset_id},GET,backend/routes/studio.py,507
/api/studio/videos/{vid}/file,GET,backend/routes/studio.py,522
/api/studio/videos/{vid}/status,GET,backend/routes/studio.py,535
/api/studio/ad-batches/{bid}/activate-full,POST,backend/routes/studio.py,549
/api/studio/ad-batches/{bid}/full-status,GET,backend/routes/studio.py,603
/api/studio/tts/generate,POST,backend/routes/studio.py,624
/api/studio/tts/{aid}/download,GET,backend/routes/studio.py,648
/api/studio/my-budget,GET,backend/routes/studio.py,662
/api/studio/admin/budgets,GET,backend/routes/studio.py,688
/api/studio/admin/budgets/{user_id},PATCH,backend/routes/studio.py,699
/api/studio/carrusel/{carrusel_id}/track,POST,backend/routes/studio_carrusel.py,106
/api/studio/landing/templates,GET,backend/routes/studio_landing.py,208
/api/studio/landing/templates/{template_key},GET,backend/routes/studio_landing.py,219
/api/studio/landing/starters,GET,backend/routes/studio_landing.py,520
/api/landing/{slug},GET,backend/routes/studio_landing.py,586
/api/landing/{slug}/marketplace,GET,backend/routes/studio_landing.py,617
/api/landing/{slug}/lead,POST,backend/routes/studio_landing.py,660
/api/landing/{slug}/analytics,POST,backend/routes/studio_landing.py,675
/api/landing/{slug}/cross-links,GET,backend/routes/studio_landing.py,705
/api/landing/{slug}/track,GET,backend/routes/studio_landing.py,748
/api/studio/property-intake/list,GET,backend/routes/studio_property_intake.py,141
/api/studio/property-intake/public/{slug},GET,backend/routes/studio_property_intake.py,163
/api/studio/property-intake/{intake_id}/publish,POST,backend/routes/studio_property_intake.py,324
/api/swipe/{token},GET,backend/routes/swipe_public.py,103
/api/swipe/{token}/vote,POST,backend/routes/swipe_public.py,174
/api/swipe/{token}/cita,POST,backend/routes/swipe_public.py,199
/api/swipe/{token}/nota,POST,backend/routes/swipe_public.py,230
/api/swipe/{token}/events,POST,backend/routes/swipe_public.py,274
/api/swipe/{token}/profile,POST,backend/routes/swipe_public.py,305
/api/tax/isr-vendedor,POST,backend/routes/tax_projector.py,82
/api/tax/isai-comprador,POST,backend/routes/tax_projector.py,91
/api/tax/predial-projection,POST,backend/routes/tax_projector.py,100
/api/tax/closing-cost-total,POST,backend/routes/tax_projector.py,109
/api/tax/full-scenario,GET,backend/routes/tax_projector.py,118
/api/tour-3dgs/settings/{dev_id},GET,backend/routes/tour_3dgs.py,237
/api/tour-3dgs/scans/{scan_id}/asset/{filename},GET,backend/routes/tour_3dgs.py,262
/api/tour-3dgs/scans/{scan_id}/thumbnail.png,GET,backend/routes/tour_3dgs.py,294
/api/tour-3dgs/embed/loaded,POST,backend/routes/tour_3dgs.py,317
/api/links/{slug}/click,GET,backend/routes/tracking_links.py,197
/api/v1/verticals/bank-avm,POST,backend/routes/vertical_products.py,132
/api/v1/verticals/insurance-risk,POST,backend/routes/vertical_products.py,167
/api/v1/verticals/notaria-title-check,POST,backend/routes/vertical_products.py,204
/api/v1/verticals/investor-yield,POST,backend/routes/vertical_products.py,250
/api/voice/transcribe,POST,backend/routes/voice.py,40
/api/voice/synthesize,POST,backend/routes/voice.py,82
/api/voice/{audio_id}/download,GET,backend/routes/voice.py,101
/api/watchlist/subscribe,POST,backend/routes/watchlist.py,117
/api/watchlist/confirm/{confirm_token},GET,backend/routes/watchlist.py,160
/api/watchlist/manage/{manage_token},GET,backend/routes/watchlist.py,179
/api/watchlist/manage/{manage_token},POST,backend/routes/watchlist.py,195
/api/watchlist/manage/{manage_token},DELETE,backend/routes/watchlist.py,224
/api/webhooks/whatsapp-inbound,POST,backend/routes/whatsapp.py,58
/api/widgets/score/{slug},GET,backend/routes/widgets.py,39
/api/widgets/risk/{slug},GET,backend/routes/widgets.py,107
/api/atlax/query,POST,backend/atlax_engine.py,179
/api/atlax/blocks,POST,backend/atlax_engine.py,490
/api/atlax/sessions/{session_id}/history,GET,backend/atlax_engine.py,527
/api/atlax/threads,GET,backend/atlax_engine.py,544
/api/atlax/threads/{thread_id}/messages,GET,backend/atlax_engine.py,567
/api/narrative/scenario,GET,backend/narrative_engine.py,339
/api/zones/{zone_id}/narrative,GET,backend/narrative_engine.py,575
/api/developments/{dev_id}/narrative,GET,backend/narrative_engine.py,587
/api/probability/{type},GET,backend/probability_engine.py,432
