frontend_archivo,linea,metodo,url,endpoint_existe,schema_ok,estado,auditado
frontend/src/App.js,458,GET,{var}/api/auth/me,,,,
frontend/src/App.js,500,POST,{var}/api/auth/logout,,,,
frontend/src/App.js,588,POST,{var}/api/auth/session,,,,
frontend/src/api/advisor_whitelist.js,28,POST,{var}/api/asesor/whitelist/request,,,,
frontend/src/api/advisor_whitelist.js,37,GET,{var}/api/asesor/whitelist/me,,,,
frontend/src/api/advisor_whitelist.js,44,GET,{var}/api/asesor/whitelist/authorized-devs,,,,
frontend/src/api/advisor_whitelist.js,53,GET,{var}/api/dev/whitelist/pending,,,,
frontend/src/api/advisor_whitelist.js,61,GET,{var}/api/dev/whitelist/all{var},,,,
frontend/src/api/advisor_whitelist.js,68,POST,{var}/api/dev/whitelist/{var}/approve,,,,
frontend/src/api/advisor_whitelist.js,77,POST,{var}/api/dev/whitelist/{var}/reject,,,,
frontend/src/api/advisor_whitelist.js,86,POST,{var}/api/dev/whitelist/{var}/revoke,,,,
frontend/src/api/advisor_whitelist.js,95,POST,{var}/api/dev/whitelist/bulk-approve,,,,
frontend/src/api/advisor_whitelist.js,105,PUT,{var}/api/dev/auto-approve-rule,,,,
frontend/src/api/advisor_whitelist.js,111,PUT,{var}/api/dev/auto-approve-rule,,,,
frontend/src/api/advisor_whitelist.js,119,POST,{var}/api/dev/auto-approve-rule/simulate,,,,
frontend/src/api/aiSuggestions.js,13,GET,{var}/api/ai/suggestions/{var}/{var}{var},,,,
frontend/src/api/aiSuggestions.js,21,POST,{var}/api/ai/suggestions/{var}/dismiss,,,,
frontend/src/api/aiSuggestions.js,31,POST,{var}/api/ai/suggestions/{var}/accept,,,,
frontend/src/api/asesor.js,18,POST,{var}/api/asesor/briefing/traffic,,,,
frontend/src/api/asesor.js,40,GET,{var}/api/asesor/briefing/traffic/recent?limit={var},,,,
frontend/src/api/asesor.js,51,POST,{var}/api/asesor/argumentario/query,,,,
frontend/src/api/asesor.js,69,GET,{var}/api/asesor/argumentario/recent?limit={var},,,,
frontend/src/api/asesor.js,81,GET,{var}/api/asesor/argumentario/kb?{var},,,,
frontend/src/api/asesor.js,91,GET,{var}/api/asesor/proyecto/{var}/playbook,,,,
frontend/src/api/asesor.js,98,GET,{var}/api/asesor/cube-actions,,,,
frontend/src/api/asesor.js,103,POST,{var}/api/asesor/cube-actions/{var}/estado,,,,
frontend/src/api/asesor_daily.js,10,POST,{var}/api/asesor/calendar/webhook/subscribe,,,,
frontend/src/api/asesor_daily.js,18,DELETE,{var}/api/asesor/calendar/webhook/subscribe,,,,
frontend/src/api/asesor_daily.js,26,GET,{var}/api/asesor/calendar/sync-status,,,,
frontend/src/api/asesor_daily.js,34,POST,{var}/api/asesor/calendar/sync-now,,,,
frontend/src/api/asesor_daily.js,44,POST,{var}/api/asesor/visit-briefing/generate,,,,
frontend/src/api/asesor_daily.js,58,GET,{var}/api/asesor/visit-briefing/{var},,,,
frontend/src/api/asesor_daily.js,68,POST,{var}/api/asesor/visit-briefing/{var}/viewed,,,,
frontend/src/api/asesor_daily.js,79,GET,{var}/api/asesor/lead/{var}/insights${force ? ,,,,
frontend/src/api/asesor_identity.js,10,POST,{var}/api/public/asesor/{var}/contact,,,,
frontend/src/api/asesor_identity.js,30,POST,{var}/api/public/endorsements,,,,
frontend/src/api/asesor_identity.js,53,GET,{var}/api/public/asesor/{var}/endorsements?limit={var},,,,
frontend/src/api/asesor_identity.js,61,GET,{var}/api/public/asesor/{var}/profile,,,,
frontend/src/api/asesor_identity.js,71,GET,{var}/api/asesor-identity/by-slug/{var},,,,
frontend/src/api/asesor_identity.js,80,GET,{var}/api/asesor-identity/me/slug,,,,
frontend/src/api/asesor_identity.js,91,POST,{var}/api/asesor/linkedin/import,,,,
frontend/src/api/asesor_identity.js,108,GET,{var}/api/asesor/linkedin/me,,,,
frontend/src/api/asesor_identity.js,114,DELETE,{var}/api/asesor/linkedin,,,,
frontend/src/api/asesor_identity.js,124,POST,{var}/api/asesor/disc/submit,,,,
frontend/src/api/asesor_identity.js,138,GET,{var}/api/asesor/disc/me,,,,
frontend/src/api/asesor_identity.js,144,DELETE,{var}/api/asesor/disc/me,,,,
frontend/src/api/asesor_identity.js,154,GET,{var}/api/asesor/trust-score/me${force ? ,,,,
frontend/src/api/asesor_identity.js,168,GET,{var}/api/asesor/endorsements/me?{var},,,,
frontend/src/api/asesor_identity.js,177,DELETE,{var}/api/asesor/endorsements/{var},,,,
frontend/src/api/asesor_match.js,10,POST,{var}/api/lead-match/compute,,,,
frontend/src/api/asesor_match.js,29,GET,{var}/api/lead-match/{var},,,,
frontend/src/api/asesor_match.js,43,GET,{var}/api/asesor/daily-feed?{var},,,,
frontend/src/api/asesor_match.js,52,POST,{var}/api/asesor/daily-feed/{var}/execute,,,,
frontend/src/api/asistenteApi.js,22,POST,{var}/api/asistente/sessions,,,,
frontend/src/api/asistenteApi.js,29,POST,{var}/api/asistente/sessions/{var}/messages,,,,
frontend/src/api/asistenteApi.js,36,POST,{var}/api/asistente/sessions/{var}/capture-lead,,,,
frontend/src/api/atlaxApi.js,40,POST,{var}/api/asistente/sessions/{var}/capture-lead,,,,
frontend/src/api/audit.js,17,GET,{var}/api/audit/log?{var},,,,
frontend/src/api/audit.js,23,GET,{var}/api/audit/log/entity/{var}/{var},,,,
frontend/src/api/audit.js,29,GET,{var}/api/audit/log/stats,,,,
frontend/src/api/avm.js,22,GET,{var}/api/avm-public/quick?{var},,,,
frontend/src/api/avm.js,32,GET,{var}/api/avm-public/colonias/top?limit={var},,,,
frontend/src/api/avm.js,38,GET,{var}/api/avm-public/widget-config/{var}?theme={var},,,,
frontend/src/api/avm.js,44,GET,{var}/api/avm-public/landing/{var},,,,
frontend/src/api/avm.js,58,GET,{var}/api/superadmin/avm-accuracy/summary,,,,
frontend/src/api/avm.js,64,GET,{var}/api/superadmin/avm-accuracy/promotions?limit={var},,,,
frontend/src/api/avm.js,70,POST,{var}/api/superadmin/avm-accuracy/trigger-retrain,,,,
frontend/src/api/avm.js,78,GET,{var}/api/superadmin/avm-accuracy/golden-validation,,,,
frontend/src/api/avm.js,84,POST,{var}/api/superadmin/avm-accuracy/cache-invalidate,,,,
frontend/src/api/badges.js,9,GET,{var}/api/dev/disputes/pending,,,,
frontend/src/api/batch17.js,17,POST,{var}/api/undo/{var},,,,
frontend/src/api/batch17.js,24,GET,{var}/api/undo/recent?limit={var},,,,
frontend/src/api/batch17.js,32,GET,{var}/api/filter-presets{var},,,,
frontend/src/api/batch17.js,37,POST,{var}/api/filter-presets,,,,
frontend/src/api/batch17.js,46,DELETE,{var}/api/filter-presets/{var},,,,
frontend/src/api/batch17.js,53,PATCH,{var}/api/inline/{var}/{var},,,,
frontend/src/api/batch17.js,62,POST,{var}/api/dev/projects/{var}/documents/reorder,,,,
frontend/src/api/batch17.js,71,POST,{var}/api/dev/projects/{var}/prototypes/reorder,,,,
frontend/src/api/batch17.js,80,POST,{var}/api/asesor/tareas/reorder,,,,
frontend/src/api/batch17.js,90,POST,{var}/api/desarrollador/developments/{var}/assets/reorder,,,,
frontend/src/api/battle_card.js,29,GET,/api/dev/battle-card/{var},,,,
frontend/src/api/battle_card.js,37,GET,/api/dev/battle-card/{var}/competitors,,,,
frontend/src/api/battle_card.js,46,GET,/api/dev/battle-card/{var}/history?weeks={var},,,,
frontend/src/api/battle_card.js,54,GET,/api/dev/battle-card/{var}/recommendation,,,,
frontend/src/api/branding.js,7,GET,{var}/api/orgs/me/branding,,,,
frontend/src/api/branding.js,13,PUT,{var}/api/orgs/me/branding,,,,
frontend/src/api/branding.js,29,POST,{var}/api/orgs/me/branding/logo,,,,
frontend/src/api/branding.js,42,DELETE,{var}/api/orgs/me/branding/logo,,,,
frontend/src/api/bulletins.js,13,GET,{var}/api/bulletins/{var}/{var},,,,
frontend/src/api/bulletins.js,21,GET,{var}/api/public/methodology,,,,
frontend/src/api/bulletins.js,30,GET,{var}/api/superadmin/bulletins/list?{var},,,,
frontend/src/api/bulletins.js,34,POST,{var}/api/superadmin/bulletins/generate,,,,
frontend/src/api/buyer_alerts.js,8,GET,{var}/api/comprador/alerts,,,,
frontend/src/api/buyer_alerts.js,14,POST,{var}/api/comprador/alerts,,,,
frontend/src/api/buyer_alerts.js,28,PATCH,{var}/api/comprador/alerts/{var},,,,
frontend/src/api/buyer_alerts.js,42,DELETE,{var}/api/comprador/alerts/{var},,,,
frontend/src/api/buyer_alerts.js,51,GET,{var}/api/comprador/alerts/deliveries?limit={var},,,,
frontend/src/api/buyer_score.js,27,GET,{var}/api/asesor/lead/{var}/buyer-score,,,,
frontend/src/api/buyer_score.js,40,GET,{var}/api/superadmin/buyer-score/summary,,,,
frontend/src/api/buyer_score.js,51,GET,{var}/api/superadmin/buyer-score/per-user?{var},,,,
frontend/src/api/buyer_score.js,59,POST,{var}/api/superadmin/buyer-score/trigger-recompute,,,,
frontend/src/api/chat.js,8,POST,{var}/api/chat/threads,,,,
frontend/src/api/chat.js,22,GET,{var}/api/chat/threads,,,,
frontend/src/api/chat.js,36,POST,{var}/api/chat/threads/{var}/messages,,,,
frontend/src/api/chat.js,50,POST,{var}/api/chat/threads/{var}/read,,,,
frontend/src/api/chat.js,59,GET,{var}/api/chat/unread,,,,
frontend/src/api/cma.js,36,GET,{var}/api/asesor/cma/{var}/pdf,,,,
frontend/src/api/comparableAlerts.js,5,GET,{var}/api/comparable-alerts/dev/{var},,,,
frontend/src/api/compare.js,5,POST,{var}/api/compare,,,,
frontend/src/api/compare.js,20,GET,{var}/api/marketplace/developments?q=${encodeURIComponent(q || ,,,,
frontend/src/api/crossSell.js,6,GET,{var}/api/comprador/cross-sell/offers{var},,,,
frontend/src/api/crossSell.js,14,POST,{var}/api/comprador/cross-sell/offers/{var}/click,,,,
frontend/src/api/crossSell.js,24,POST,{var}/api/comprador/cross-sell/offers/{var}/fill,,,,
frontend/src/api/crossSell.js,36,GET,{var}/api/comprador/cross-sell/my-offers,,,,
frontend/src/api/cross_partnerships.js,19,POST,{var}/api/cross-partnerships,,,,
frontend/src/api/cross_partnerships.js,29,POST,{var}/api/cross-partnerships{var},,,,
frontend/src/api/cross_partnerships.js,33,POST,{var}/api/cross-partnerships/{var}/approve,,,,
frontend/src/api/cross_partnerships.js,39,POST,{var}/api/cross-partnerships/{var}/reject,,,,
frontend/src/api/cross_partnerships.js,45,POST,{var}/api/cross-partnerships/{var}/revoke,,,,
frontend/src/api/dataLicensing.js,11,GET,{var}/api/superadmin/data-licensing/bundles,,,,
frontend/src/api/dataLicensing.js,18,POST,{var}/api/superadmin/data-licensing/subscriptions?{var},,,,
frontend/src/api/dataLicensing.js,24,POST,{var}/api/superadmin/data-licensing/subscriptions,,,,
frontend/src/api/dataLicensing.js,32,PATCH,{var}/api/superadmin/data-licensing/subscriptions/{var},,,,
frontend/src/api/developer.js,219,PATCH,{var}/api/dev/leads/{var},,,,
frontend/src/api/developer.js,229,PATCH,{var}/api/dev/projects/{var}/brokers/{var},,,,
frontend/src/api/developer.js,232,DELETE,{var}/api/dev/projects/{var}/brokers/{var},,,,
frontend/src/api/developer.js,249,PATCH,{var}/api/cita/{var},,,,
frontend/src/api/developer.js,259,PATCH,{var}/api/inmobiliaria/asesores/{var},,,,
frontend/src/api/developer.js,262,DELETE,{var}/api/inmobiliaria/asesores/{var},,,,
frontend/src/api/developer.js,375,POST,{var}/api/desarrollador/developments/{var}/assets/upload,,,,
frontend/src/api/directories.js,19,GET,{var}/api/dev/red-comercial,,,,
frontend/src/api/directories.js,23,GET,{var}/api/asesor/mis-aliados,,,,
frontend/src/api/directories.js,27,GET,{var}/api/inmobiliaria/red-comercial,,,,
frontend/src/api/drpi.js,17,GET,{var}/api/drpi/snapshot/{var}?{var},,,,
frontend/src/api/drpi.js,21,GET,{var}/api/drpi/national/{var},,,,
frontend/src/api/drpi.js,30,POST,{var}/api/superadmin/drpi/list?{var},,,,
frontend/src/api/drpi.js,34,POST,{var}/api/superadmin/drpi/recompute,,,,
frontend/src/api/drpi.js,40,GET,{var}/api/superadmin/drpi/coefficients/{var}?tier={var},,,,
frontend/src/api/feature_flags.js,19,GET,{var}/api/me/feature-flags,,,,
frontend/src/api/forecast.js,5,GET,{var}/api/forecast-public/zone/{var}?horizons={var},,,,
frontend/src/api/forecast.js,28,GET,{var}/api/forecast-public/property?{var},,,,
frontend/src/api/forecastAccuracy.js,11,GET,{var}/api/superadmin/forecast-accuracy/summary,,,,
frontend/src/api/forecastAccuracy.js,17,GET,{var}/api/superadmin/forecast-accuracy/per-zone?horizon={var}&limit={var},,,,
frontend/src/api/forecastAccuracy.js,23,POST,{var}/api/superadmin/forecast-accuracy/run-backtest,,,,
frontend/src/api/fraudDetection.js,18,GET,{var}/api/superadmin/fraud-alerts?{var},,,,
frontend/src/api/fraudDetection.js,22,POST,{var}/api/superadmin/fraud-alerts/{var},,,,
frontend/src/api/fraudDetection.js,26,POST,{var}/api/superadmin/fraud-alerts/{var}/resolve,,,,
frontend/src/api/fraudDetection.js,34,POST,{var}/api/superadmin/fraud-alerts/{var}/dismiss,,,,
frontend/src/api/fraudDetection.js,42,POST,{var}/api/superadmin/fraud-alerts/scan,,,,
frontend/src/api/govDataMx.js,73,POST,{var}/api/superadmin/gov-data-mx/upload,,,,
frontend/src/api/indices.js,30,POST,{var}/api/superadmin/colonias/ingest?city={var},,,,
frontend/src/api/indices.js,40,POST,{var}/api/superadmin/colonias/compute-scores?city={var},,,,
frontend/src/api/indices.js,51,POST,{var}/api/superadmin/colonias/sync-comercios?city={var}&source={var},,,,
frontend/src/api/indices.js,61,POST,{var}/api/superadmin/colonias/sync-seguridad?city={var},,,,
frontend/src/api/indices.js,71,POST,{var}/api/superadmin/colonias/fill-chunk?city={var}&chunk={var},,,,
frontend/src/api/indices.js,81,POST,{var}/api/superadmin/colonias/sync-catastro?city={var},,,,
frontend/src/api/indices.js,91,POST,{var}/api/superadmin/colonias/sync-zonificacion?city={var},,,,
frontend/src/api/indices.js,101,POST,{var}/api/superadmin/colonias/dedupe?city={var},,,,
frontend/src/api/indices.js,111,POST,{var}/api/superadmin/colonias/recalibrate-comercial?city={var},,,,
frontend/src/api/indices.js,121,GET,{var}/api/superadmin/colonias/calibracion-comercial?city={var},,,,
frontend/src/api/indices.js,132,POST,{var}/api/superadmin/calibracion/terreno/aplicar,,,,
frontend/src/api/indices.js,140,GET,{var}/api/superadmin/shf,,,,
frontend/src/api/indices.js,148,POST,{var}/api/superadmin/shf/refresh,,,,
frontend/src/api/indices.js,156,GET,{var}/api/superadmin/colonias/valores-unitarios?city={var},,,,
frontend/src/api/indices.js,162,POST,{var}/api/superadmin/colonias/valores-unitarios/ingest?city={var},,,,
frontend/src/api/insights_external.js,18,GET,{var}/api/insights/global/all-sources,,,,
frontend/src/api/insights_external.js,23,GET,{var}/api/insights/global/{var},,,,
frontend/src/api/insights_external.js,28,GET,{var}/api/insights/methodology/sources,,,,
frontend/src/api/internal_users.js,21,POST,{var}/api/dev/internal-users,,,,
frontend/src/api/internal_users.js,24,PATCH,{var}/api/dev/internal-users,,,,
frontend/src/api/internal_users.js,27,PATCH,{var}/api/dev/internal-users/{var},,,,
frontend/src/api/internal_users.js,30,DELETE,{var}/api/dev/internal-users/{var},,,,
frontend/src/api/internal_users.js,33,POST,{var}/api/dev/internal-users/invitations/{var}/resend,,,,
frontend/src/api/internal_users.js,36,PUT,{var}/api/dev/settings/external-inventory,,,,
frontend/src/api/internal_users.js,39,GET,{var}/api/dev/mini-market,,,,
frontend/src/api/internal_users.js,45,POST,{var}/api/inmobiliaria/internal-users,,,,
frontend/src/api/internal_users.js,48,PATCH,{var}/api/inmobiliaria/internal-users,,,,
frontend/src/api/internal_users.js,51,PATCH,{var}/api/inmobiliaria/internal-users/{var},,,,
frontend/src/api/internal_users.js,54,DELETE,{var}/api/inmobiliaria/internal-users/{var},,,,
frontend/src/api/internal_users.js,57,PUT,{var}/api/inmobiliaria/settings/external-inventory,,,,
frontend/src/api/internal_users.js,60,GET,{var}/api/inmobiliaria/mini-market,,,,
frontend/src/api/internal_users.js,66,POST,{var}/api/auth/in-house/invitation?token={var},,,,
frontend/src/api/internal_users.js,69,POST,{var}/api/auth/in-house/accept-invitation,,,,
frontend/src/api/investmentExplorer.js,22,GET,{var}/api/superadmin/investment-explorer/zones?{var},,,,
frontend/src/api/investmentExplorer.js,29,GET,{var}/api/superadmin/investment-explorer/zones/{var}/detail?tier={var},,,,
frontend/src/api/lead_capture.js,40,POST,{var}/api/lead-capture/score,,,,
frontend/src/api/lead_capture.js,55,POST,{var}/api/lead-capture,,,,
frontend/src/api/marketplace.js,12,GET,{var}/api/developments?{var},,,,
frontend/src/api/marketplace.js,18,GET,{var}/api/developments/{var},,,,
frontend/src/api/marketplace.js,31,GET,{var}/api/developments/casi?{var},,,,
frontend/src/api/marketplace.js,44,GET,{var}/api/public/buy-signal/{var}${q ? ,,,,
frontend/src/api/marketplace.js,56,GET,{var}/api/public/ownership/{var}?{var},,,,
frontend/src/api/marketplace.js,66,GET,{var}/api/developments/{var}/assets{var},,,,
frontend/src/api/marketplace.js,80,GET,{var}/api/developments/{var}/units?{var},,,,
frontend/src/api/marketplace.js,86,GET,{var}/api/developments/{var}/similar,,,,
frontend/src/api/marketplace.js,92,GET,{var}/api/developers/{var},,,,
frontend/src/api/marketplace.js,98,POST,{var}/api/developments/{var}/briefing,,,,
frontend/src/api/marketplace.js,104,POST,{var}/api/properties/search-ai,,,,
frontend/src/api/marketplace.js,116,GET,{var}/api/colonias,,,,
frontend/src/api/marketplace.js,122,GET,{var}/api/colonias/{var},,,,
frontend/src/api/marketplace.js,134,GET,{var}/api/properties?{var},,,,
frontend/src/api/marketplace.js,140,GET,{var}/api/properties/{var},,,,
frontend/src/api/marketplace.js,146,POST,{var}/api/properties/{var}/similares,,,,
frontend/src/api/marketplace.js,152,POST,{var}/api/properties/{var}/briefing,,,,
frontend/src/api/marketplace.js,162,GET,{var}/api/public/map/heatmap?{var},,,,
frontend/src/api/marketplace.js,168,GET,{var}/api/public/map/levels,,,,
frontend/src/api/marketplace.js,174,GET,{var}/api/public/map/colonia/{var},,,,
frontend/src/api/marketplace.js,182,POST,{var}/api/public/search/by-image,,,,
frontend/src/api/marketplace.js,198,POST,{var}/api/public/search/by-url,,,,
frontend/src/api/marketplace.js,210,POST,{var}/api/public/saved-search,,,,
frontend/src/api/marketplace.js,224,POST,{var}/api/public/colonia/{var}/report-request,,,,
frontend/src/api/marketplace.js,236,POST,{var}/api/public/quiz/submit,,,,
frontend/src/api/marketplace.js,248,POST,{var}/api/public/compare,,,,
frontend/src/api/marketplace.js,260,POST,{var}/api/public/compare/pdf,,,,
frontend/src/api/marketplace.js,270,POST,{var}/api/comprador/compare,,,,
frontend/src/api/marketplace.js,284,POST,{var}/api/comprador/compare/pdf,,,,
frontend/src/api/marketplace.js,297,POST,{var}/api/public/mortgage/calculate,,,,
frontend/src/api/marketplace.js,309,POST,{var}/api/public/mortgage/save,,,,
frontend/src/api/marketplace.js,323,GET,{var}/api/public/colonia/{var}/history,,,,
frontend/src/api/marketplace.js,333,GET,{var}/api/share/comparar/meta?{var},,,,
frontend/src/api/marketplace.js,344,POST,{var}/api/public/virtual-tour/request,,,,
frontend/src/api/mood.js,9,POST,{var}/api/mood/quiz/submit,,,,
frontend/src/api/mood.js,29,GET,{var}/api/mood/property/{var}/profile,,,,
frontend/src/api/mood.js,47,GET,{var}/api/mood/user/{var}/latest,,,,
frontend/src/api/preferences18.js,7,GET,{var}/api/preferences/me,,,,
frontend/src/api/preferences18.js,13,PATCH,{var}/api/preferences/me,,,,
frontend/src/api/preferences18.js,24,POST,{var}/api/preferences/me/recent-project,,,,
frontend/src/api/probability.js,19,GET,{var}/api/probability/{var}?{var},,,,
frontend/src/api/recommendations.js,6,GET,{var}/api/recommendations/top,,,,
frontend/src/api/reverse_search.js,5,POST,{var}/api/reverse-search,,,,
frontend/src/api/riskAlerts.js,17,GET,{var}/api/superadmin/risk-alerts?{var},,,,
frontend/src/api/riskAlerts.js,21,GET,{var}/api/superadmin/risk-alerts/timeline/{var}?limit={var},,,,
frontend/src/api/riskAlerts.js,28,POST,{var}/api/superadmin/risk-alerts/{var}/acknowledge,,,,
frontend/src/api/riskScore.js,11,GET,{var}/api/risk-score/zone/{var},,,,
frontend/src/api/riskScore.js,18,POST,{var}/api/superadmin/risk-score/all?{var},,,,
frontend/src/api/riskScore.js,22,POST,{var}/api/superadmin/risk-score/recompute,,,,
frontend/src/api/riskScore.js,28,GET,{var}/api/superadmin/crime-data/{var}/breakdown?period_months={var},,,,
frontend/src/api/social_cards.js,23,GET,{var}/api/superadmin/social-cards/stats,,,,
frontend/src/api/studioVideo.js,24,POST,{var}/api/studio-video/generate-video,,,,
frontend/src/api/studioVideo.js,47,POST,{var}/api/studio/video/script,,,,
frontend/src/api/studioVideo.js,78,GET,{var}/api/studio-video/tasks?limit={var},,,,
frontend/src/api/studioVideo.js,93,GET,{var}/api/studio-video/tasks/{var},,,,
frontend/src/api/studioVideo.js,108,DELETE,{var}/api/studio-video/tasks/{var},,,,
frontend/src/api/studio_intake.js,37,POST,{var}/api/studio/property-intake/public/{var}/lead,,,,
frontend/src/api/superadminApiKeys.js,15,GET,{var}/api/superadmin/api-keys?{var},,,,
frontend/src/api/superadminApiKeys.js,19,POST,{var}/api/superadmin/api-keys,,,,
frontend/src/api/superadminApiKeys.js,27,PATCH,{var}/api/superadmin/api-keys/{var},,,,
frontend/src/api/superadminApiKeys.js,35,DELETE,{var}/api/superadmin/api-keys/{var},,,,
frontend/src/api/superadminApiKeys.js,41,GET,{var}/api/superadmin/api-keys/{var}/usage?days={var},,,,
frontend/src/api/superadminApiKeys.js,48,GET,{var}/api/v1/openapi,,,,
frontend/src/api/superadminApiKeys.js,52,POST,{var}/api/superadmin/stripe/{var},,,,
frontend/src/api/superadminApiKeys.js,56,POST,{var}/api/superadmin/stripe/{var}/subscribe,,,,
frontend/src/api/superadminApiKeys.js,64,POST,{var}/api/superadmin/stripe/{var}/cancel,,,,
frontend/src/api/superadminCatalogPulse.js,5,GET,{var}/api/superadmin/catalog-pulse/dashboard,,,,
frontend/src/api/superadminCatalogPulse.js,12,GET,{var}/api/superadmin/catalog-pulse/project/{var},,,,
frontend/src/api/superadminCompliance.js,7,POST,{var}/api/privacy/dsr,,,,
frontend/src/api/superadminCompliance.js,18,GET,{var}/api/privacy/dsr/{var}/verify?token={var},,,,
frontend/src/api/superadminCompliance.js,31,GET,{var}/api/superadmin/compliance/dsr-requests?{var},,,,
frontend/src/api/superadminCompliance.js,40,POST,{var}/api/superadmin/compliance/dsr-requests/{var}/process,,,,
frontend/src/api/superadminCompliance.js,53,GET,{var}/api/superadmin/compliance/audit-trail?{var},,,,
frontend/src/api/superadminCompliance.js,64,GET,{var}/api/superadmin/compliance/cross-org?{var},,,,
frontend/src/api/superadminDataLake.js,61,GET,{var}/api/data-lake/public/validation,,,,
frontend/src/api/superadminDevmaster.js,7,GET,{var}/api/superadmin/copiloto/intel?dias={var},,,,
frontend/src/api/superadminDevmaster.js,14,GET,{var}/api/superadmin/devmaster/projects${qs ? ,,,,
frontend/src/api/superadminDevmaster.js,20,GET,{var}/api/superadmin/devmaster/project/{var},,,,
frontend/src/api/superadminDevmaster.js,27,GET,{var}/api/superadmin/devmaster/donde-construir${qs ? ,,,,
frontend/src/api/superadminDevmaster.js,34,GET,{var}/api/superadmin/devmaster/gusto-mercado${qs ? ,,,,
frontend/src/api/superadminDevmaster.js,41,GET,{var}/api/superadmin/devmaster/comportamiento${qs ? ,,,,
frontend/src/api/superadminDevmaster.js,48,GET,{var}/api/superadmin/devmaster/stock-soldout${qs ? ,,,,
frontend/src/api/superadminDevmaster.js,55,GET,{var}/api/superadmin/devmaster/macro-ciudad${qs ? ,,,,
frontend/src/api/superadminDevmaster.js,62,GET,{var}/api/superadmin/devmaster/competencia-red${qs ? ,,,,
frontend/src/api/superadminDevmaster.js,68,GET,{var}/api/superadmin/devmaster/observabilidad-ia,,,,
frontend/src/api/superadminDevmaster.js,74,POST,{var}/api/superadmin/devmaster/activar-modelo/{var},,,,
frontend/src/api/superadminDevmaster.js,82,GET,{var}/api/superadmin/devmaster/equipo-en-riesgo?{var},,,,
frontend/src/api/superadminDevmaster.js,89,GET,{var}/api/superadmin/inmobiliaria/leads?status={var},,,,
frontend/src/api/superadminDevmaster.js,94,GET,{var}/api/superadmin/inmobiliaria/asesores,,,,
frontend/src/api/superadminDevmaster.js,99,POST,{var}/api/superadmin/inmobiliaria/leads/{var}/assign,,,,
frontend/src/api/superadminHealth.js,19,GET,{var}/api/superadmin/health/overview,,,,
frontend/src/api/superadminHealth.js,23,GET,{var}/api/superadmin/health/crons,,,,
frontend/src/api/superadminHealth.js,29,POST,{var}/api/superadmin/health/alerts?{var},,,,
frontend/src/api/superadminHealth.js,33,POST,{var}/api/superadmin/health/alerts/{var}/resolve,,,,
frontend/src/api/superadminHealth.js,39,POST,{var}/api/superadmin/health/alerts/test,,,,
frontend/src/api/superadminLandingLeads.js,14,GET,{var}/api/superadmin/landing-leads/summary,,,,
frontend/src/api/superadminLandingLeads.js,22,GET,{var}/api/superadmin/landing-leads/by-zone,,,,
frontend/src/api/superadminLandingLeads.js,30,GET,{var}/api/superadmin/landing-leads{var},,,,
frontend/src/api/superadminPartners.js,8,GET,{var}/api/superadmin/partners?{var},,,,
frontend/src/api/superadminPartners.js,15,GET,{var}/api/superadmin/partners/{var},,,,
frontend/src/api/superadminPartners.js,24,POST,{var}/api/superadmin/partners,,,,
frontend/src/api/superadminPartners.js,36,PATCH,{var}/api/superadmin/partners/{var},,,,
frontend/src/api/superadminPartners.js,48,GET,{var}/api/superadmin/cross-sell/analytics?days={var},,,,
frontend/src/api/superadminPartners.js,57,POST,{var}/api/superadmin/cross-sell/revenue-events/manual,,,,
frontend/src/api/superadminTenants.js,21,GET,{var}/api/superadmin/tenants?{var},,,,
frontend/src/api/superadminTenants.js,25,GET,{var}/api/superadmin/tenants/{var},,,,
frontend/src/api/superadminTenants.js,29,POST,{var}/api/superadmin/tenants/{var}/impersonate,,,,
frontend/src/api/superadminTenants.js,35,POST,{var}/api/superadmin/tenants/impersonate/end,,,,
frontend/src/api/superadminTenants.js,41,PATCH,{var}/api/superadmin/tenants/{var}/status,,,,
frontend/src/api/verticalProducts.js,12,POST,{var}/api/v1/verticals/{var},,,,
frontend/src/api/videoStandalone.js,59,POST,{var}/api/video-standalone/{var}/export?format=pdf,,,,
frontend/src/api/videoStandalone.js,86,DELETE,{var}/api/video-standalone/{var},,,,
frontend/src/api/virtual_staging.js,9,POST,{var}/api/virtual-staging,,,,
frontend/src/api/virtual_staging.js,33,GET,{var}/api/virtual-staging/cache/{var}${qs.toString() ? ,,,,
frontend/src/api/whatifApi.js,23,POST,{var}/api/whatif/simulate,,,,
frontend/src/api/whatifApi.js,34,GET,{var}/api/whatif/scenarios?{var},,,,
frontend/src/api/whatifApi.js,38,DELETE,{var}/api/whatif/scenarios/{var},,,,
frontend/src/api/whatifApi.js,42,DELETE,{var}/api/whatif/scenarios/{var},,,,
frontend/src/api/whatsapp_stub.js,37,POST,{var}/api/whatsapp/build-link,,,,
frontend/src/api/widget_embed_analytics.js,27,GET,{var}/api/superadmin/widgets/embed-stats?{var},,,,
frontend/src/api/widget_embed_analytics.js,34,GET,{var}/api/superadmin/widgets/embed-new-domains,,,,
frontend/src/api/wizard.js,27,POST,{var}/api/dev/wizard/ia-extract,,,,
frontend/src/api/workflows.js,23,GET,{var}/api/workflows,,,,
frontend/src/api/workflows.js,31,POST,{var}/api/workflows,,,,
frontend/src/api/workflows.js,41,GET,{var}/api/workflows/{var},,,,
frontend/src/api/workflows.js,49,PUT,{var}/api/workflows/{var},,,,
frontend/src/api/workflows.js,62,DELETE,{var}/api/workflows/{var},,,,
frontend/src/api/workflows.js,74,POST,{var}/api/workflows/{var}/toggle,,,,
frontend/src/api/workflows.js,86,POST,{var}/api/workflows/{var}/test,,,,
frontend/src/api/workflows.js,99,GET,{var}/api/workflows/{var}/runs?days={var},,,,
frontend/src/api/wrapped.js,8,GET,{var}/api/comprador/wrapped,,,,
frontend/src/api/wrapped.js,14,GET,{var}/api/comprador/wrapped/{var},,,,
frontend/src/api/wrapped.js,23,POST,{var}/api/comprador/wrapped/annual-optin,,,,
frontend/src/api/wrapped.js,37,POST,{var}/api/comprador/wrapped/{var}/share,,,,
frontend/src/api/wrapped.js,46,GET,{var}/api/comprador/smart-match,,,,
frontend/src/components/asesor/AsesorDemandaMapa.js,15,GET,{var}/api/buyer/demanda-mapa,,,,
frontend/src/components/asesor/design/Ficha360.js,471,GET,{var}/api/developments?sort=recent,,,,
frontend/src/components/asistente/SimilarProjectsSection.js,91,GET,{var}/api/buyer-coach/similar-projects?project_id={var}&limit=5,,,,
frontend/src/components/brochure/BrandingVariantSelector.js,20,GET,{var}/api/brochures/variants,,,,
frontend/src/components/brochure/BrochureGenerator.js,25,POST,{var}/api/brochures/generate,,,,
frontend/src/components/brochure/BrochurePreviewModal.js,42,POST,{var}/api/brochures/regenerate/{var},,,,
frontend/src/components/brochure/CustomBrochureUploader.js,32,POST,{var}/api/brochures/upload-custom,,,,
frontend/src/components/buyer_coach/BuyerCoachConversation.js,42,POST,{var}/api/buyer-coach/start,,,,
frontend/src/components/buyer_coach/BuyerCoachConversation.js,67,POST,{var}/api/buyer-coach/{var}/message,,,,
frontend/src/components/buyer_coach/BuyerCoachConversation.js,89,GET,{var}/api/buyer-coach/{var}/zone-recommendations,,,,
frontend/src/components/buyer_coach/BuyerCoachConversation.js,100,GET,{var}/api/buyer-coach/similar-projects?project_id={var}&limit=5,,,,
frontend/src/components/buyer_coach/BuyerCoachConversation.js,111,POST,{var}/api/buyer-coach/{var}/capture-lead,,,,
frontend/src/components/buyer_coach/StageChecklist.js,19,GET,{var}/api/buyer-coach/{var}/stage/{var}/checklist,,,,
frontend/src/components/comprador/DemandaMapaComprador.js,18,GET,{var}/api/buyer/demanda-mapa?visitor_id={var},,,,
frontend/src/components/comprador/DondeVivirCard.js,16,GET,{var}/api/buyer/donde-vivir?visitor_id={var}&limit=8,,,,
frontend/src/components/conversation/LiveTakeover.js,26,POST,{var}/api/superadmin/conversations/takeover,,,,
frontend/src/components/dev/LocationTab.js,42,GET,{var}/api/zona/place-photo?ref={var}&w=300,,,,
frontend/src/components/dev/LocationTab.js,63,GET,{var}/api/zona/{var}/lugares,,,,
frontend/src/components/dev/PriceListTab.js,43,POST,{var}/api/precio-posicion-batch,,,,
frontend/src/components/dev/PriceListTab.js,91,POST,{var}/api/buyer/favoritos/cita,,,,
frontend/src/components/developer/AvanceObraTab.js,102,POST,{var}/api/desarrollador/developments/{var}/assets/upload,,,,
frontend/src/components/developer/ContenidoTab.js,105,GET,{var}/api/developments/{var},,,,
frontend/src/components/developer/ContenidoTab.js,123,PATCH,{var}/api/dev/projects/{var}/basics,,,,
frontend/src/components/developer/ContenidoTab.js,198,POST,{var}/api/desarrollador/developments/{var}/assets/upload,,,,
frontend/src/components/developer/ContenidoTab.js,213,DELETE,{var}/api/desarrollador/developments/{var}/assets/{var},,,,
frontend/src/components/developer/ContenidoTab.js,222,PATCH,{var}/api/dev/projects/{var}/assets/{var}/role,,,,
frontend/src/components/developer/CrmAssistantStrip.js,31,GET,{var}/api/dev/whitelist/pending,,,,
frontend/src/components/developer/LegalTab.js,152,DELETE,{var}/api/desarrollador/developments/{var}/documents/{var},,,,
frontend/src/components/developer/SiteSelectionWizard.js,68,GET,{var}/api/dev/site-selection/similar-zones?zone_slug={var}&limit=5,,,,
frontend/src/components/developer/SiteSelectionWizard.js,164,POST,{var}/api/ml/emit,,,,
frontend/src/components/developer/VentasTab.js,1270,POST,{var}/api/precio-posicion-batch,,,,
frontend/src/components/developer/insights/UnitFunnelPanel.js,10,GET,{var}/api/desarrollo/{var}/embudo-unidades,,,,
frontend/src/components/developer/insights/ZoneDemandGapPanel.js,12,GET,{var}/api/desarrollo/{var}/demanda-zona,,,,
frontend/src/components/developer/insights/ZoneElasticityPanel.js,11,GET,{var}/api/desarrollador/elasticidad,,,,
frontend/src/components/director/DirectorChatPanel.js,282,GET,{var}/api/director/sessions/{var},,,,
frontend/src/components/director/LeadAgentPanel.js,13,POST,{var}/api/subagents/lead/analyze,,,,
frontend/src/components/director/LeadAgentPanel.js,28,GET,{var}/api/subagents/lead/recommendations?{var},,,,
frontend/src/components/director/LeadAgentPanel.js,37,POST,{var}/api/subagents/lead/recommendations/{var}/apply,,,,
frontend/src/components/director/LeadAgentPanel.js,46,POST,{var}/api/subagents/lead/recommendations/{var}/reject,,,,
frontend/src/components/director/MarketingAgentPanel.js,14,POST,{var}/api/subagents/marketing/analyze,,,,
frontend/src/components/director/MarketingAgentPanel.js,28,GET,{var}/api/subagents/marketing/recommendations?{var},,,,
frontend/src/components/director/MarketingAgentPanel.js,37,POST,{var}/api/subagents/marketing/recommendations/{var}/apply,,,,
frontend/src/components/director/MarketingAgentPanel.js,46,POST,{var}/api/subagents/marketing/recommendations/{var}/reject,,,,
frontend/src/components/director/PricingAgentPanel.js,13,POST,{var}/api/subagents/pricing/analyze,,,,
frontend/src/components/director/PricingAgentPanel.js,27,GET,{var}/api/subagents/pricing/recommendations?{var},,,,
frontend/src/components/director/PricingAgentPanel.js,36,POST,{var}/api/subagents/pricing/recommendations/{var}/apply,,,,
frontend/src/components/director/PricingAgentPanel.js,46,POST,{var}/api/subagents/pricing/recommendations/{var}/reject,,,,
frontend/src/components/documents/AssetGallery.js,103,GET,{var}/api/undo/recent?limit=1,,,,
frontend/src/components/documents/DocumentsList.js,274,GET,{var}/api/undo/recent?limit=1,,,,
frontend/src/components/ficha/ComparadorInversion.js,13,POST,{var}/api/inversion-v4/analyze,,,,
frontend/src/components/ficha/LeadCaptureModal.js,40,POST,{var}/api/buyer/registrar,,,,
frontend/src/components/ficha/PlanDePago.js,29,GET,{var}/api/public/payment-schemes/{var},,,,
frontend/src/components/ficha/SeccionCalcInversion.js,26,GET,{var}/api/zona/{var}/inversion,,,,
frontend/src/components/ficha/SeccionConfianza.js,29,GET,{var}/api/inversion-v4/zona-contexto?colonia={var},,,,
frontend/src/components/ficha/SeccionDinero.js,52,GET,{var}/api/public/ownership/{var}?price={var}&m2={var}&enganche_pct={var}&years={var},,,,
frontend/src/components/ficha/SeccionDinero.js,64,POST,{var}/api/public/mortgage/calculate,,,,
frontend/src/components/ficha/SeccionUbicacion.js,40,GET,{var}/api/zona/{var}/lugares,,,,
frontend/src/components/ficha/SeccionUbicacion.js,41,GET,{var}/api/zona/{var}/vida,,,,
frontend/src/components/ficha/SeccionUnidades.js,113,POST,{var}/api/precio-posicion-batch,,,,
frontend/src/components/ficha/SeccionValor.js,24,GET,{var}/api/public/pulso-zona?colonia={var}&rol=asesor,,,,
frontend/src/components/insights/CoursesPanel.js,24,GET,{var}/api/insights/courses?limit={var},,,,
frontend/src/components/insights/CoursesPanel.js,44,GET,{var}/api/insights/courses/{var},,,,
frontend/src/components/insights/FactCheckBadge.js,29,POST,{var}/api/insights/fact-check,,,,
frontend/src/components/investment/InversionV4Calculator.js,69,POST,{var}/api/inversion-v4/analyze,,,,
frontend/src/components/investment/InversionV4Calculator.js,80,POST,{var}/api/inversion-v4/airroi,,,,
frontend/src/components/investment/InversionV4Calculator.js,96,POST,{var}/api/lead-capture,,,,
frontend/src/components/investment/InversionV4Calculator.js,143,GET,{var}/api/inversion-v4/zona-contexto?zone_id={var},,,,
frontend/src/components/investment/InversionV4Calculator.js,165,POST,{var}/api/inversion-v4/portafolio,,,,
frontend/src/components/investment/InvestmentSimulator.js,61,GET,{var}/api/investment-simulator/colonia/{var}/autofill{var},,,,
frontend/src/components/investment/InvestmentSimulator.js,98,POST,{var}/api/investment-simulator/analyze,,,,
frontend/src/components/investment/InvestmentSimulator.js,112,POST,{var}/api/investment-simulator/min-rent,,,,
frontend/src/components/investment/InvestmentSimulator.js,124,POST,{var}/api/investment-simulator/stress-test,,,,
frontend/src/components/investment/InvestmentSimulator.js,141,POST,{var}/api/investment-simulator/capture-lead,,,,
frontend/src/components/investment/InvestmentSimulator.js,153,POST,{var}/api/investment-simulator/save,,,,
frontend/src/components/landing/AtlaxApartado.js,64,POST,{var}/api/lead-capture,,,,
frontend/src/components/landing/AtlaxBubble.js,440,GET,{var}/api/colonia-watch?watcher={var},,,,
frontend/src/components/landing/AtlaxBubble.js,489,POST,{var}/api/atlax/query,,,,
frontend/src/components/landing/AtlaxBubble.js,524,POST,{var}/api/cerebro/run,,,,
frontend/src/components/landing/AtlaxBubble.js,551,GET,{var}/api/para-ti${w ? ,,,,
frontend/src/components/landing/AtlaxBubble.js,574,GET,{var}/api/atlax/threads/{var}/messages?session_token=${encodeURIComponent(asistenteToken || ,,,,
frontend/src/components/landing/AtlaxLeadModal.js,30,POST,{var}/api/buyer/registrar,,,,
frontend/src/components/landing/AtlaxMyList.js,22,GET,{var}/api/buyer/favoritos?visitor_id={var},,,,
frontend/src/components/landing/AtlaxMyList.js,23,GET,{var}/api/buyer/mi-gusto?visitor_id={var},,,,
frontend/src/components/landing/AtlaxThreadsSidebar.js,48,GET,{var}/api/atlax/threads?session_token={var}&limit=30,,,,
frontend/src/components/landing/AtlaxVoiceButton.js,94,POST,{var}/api/voice/transcribe,,,,
frontend/src/components/landing/AtlaxVoiceButton.js,118,POST,{var}/api/voice/synthesize,,,,
frontend/src/components/landing/AuthModal.js,41,POST,{var}/api/auth/login,,,,
frontend/src/components/landing/AuthModal.js,63,POST,{var}/api/auth/register,,,,
frontend/src/components/landing/RolePicker.js,37,POST,{var}/api/auth/select-role,,,,
frontend/src/components/landing/ZonaPulsoWidget.js,40,GET,{var}/api/colonias-search?q={var}&limit=6,,,,
frontend/src/components/landing/ZonaPulsoWidget.js,53,GET,{var}/api/public/pulso-zona?{var},,,,
frontend/src/components/landing/ZonaPulsoWidget.js,63,POST,{var}/api/public/registro-interes,,,,
frontend/src/components/maps/AtlaxContextualButton.js,22,POST,{var}/api/maps/atlax-context,,,,
frontend/src/components/maps/BattleCardOverlay.js,33,GET,{var}/api/maps-cross/battle-card/{var},,,,
frontend/src/components/maps/FunnelInversoCard.js,26,GET,{var}/api/maps-cross/funnel-inverso/{var},,,,
frontend/src/components/maps/PropertyPopup.js,49,GET,{var}/api/maps/property/{var}/{var},,,,
frontend/src/components/maps/SaveZoneModal.js,25,POST,{var}/api/maps-cross/saved-zones,,,,
frontend/src/components/marketing/AuditResultCard.js,15,POST,{var}/api/free-audit/{var}/resend-email,,,,
frontend/src/components/marketplace/ComplianceBadge.js,25,GET,{var}/api/developments/{var}/compliance-badge,,,,
frontend/src/components/marketplace/DMXMarketIndex.js,13,GET,{var}/api/public/market/index,,,,
frontend/src/components/marketplace/DemandaZonaCard.js,17,GET,{var}/api/public/pulso-zona?colonia={var}&rol=asesor,,,,
frontend/src/components/marketplace/DevelopmentCard.js,119,GET,{var}/api/developments/{var}/rank,,,,
frontend/src/components/marketplace/MarketValueCard.js,13,GET,{var}/api/public/market/amenity-ranker{var},,,,
frontend/src/components/marketplace/OportunidadPanel.js,60,GET,{var}/api/zona/{var}/inversion,,,,
frontend/src/components/marketplace/ParecidosCerraron.js,13,GET,{var}/api/buyer/parecidos-cerraron?visitor_id={var},,,,
frontend/src/components/marketplace/PerfilLente.js,37,GET,{var}/api/zona/{var}/vida,,,,
frontend/src/components/marketplace/RiesgosHonestos.js,22,GET,{var}/api/inversion-v4/zona-contexto?zone_id={var},,,,
frontend/src/components/marketplace/TopFilters.js,146,GET,{var}/api/colonias-search?q={var}&limit=8,,,,
frontend/src/components/notifications/NotificationBellIcon.js,9,GET,{var}/api/notifications/unread-count,,,,
frontend/src/components/notifications/NotificationCenter.js,20,GET,{var}/api/notifications?{var},,,,
frontend/src/components/notifications/NotificationCenter.js,27,POST,{var}/api/notifications/{var}/mark-read,,,,
frontend/src/components/notifications/NotificationCenter.js,33,POST,{var}/api/notifications/mark-all-read,,,,
frontend/src/components/private_beta/InviteCodeInput.js,25,GET,{var}/api/auth/validate-code/{var},,,,
frontend/src/components/private_beta/WaitlistForm.js,32,POST,{var}/api/waitlist/signup,,,,
frontend/src/components/seo/LandingLeadCaptureForm.js,35,POST,{var}/api/public/landing/lead,,,,
frontend/src/components/shared/AccuracyTopZonesTicker.js,35,GET,{var}/api/accuracy/per-zone,,,,
frontend/src/components/shared/ActivityFeed.js,113,GET,{var}/api/activity/feed?{var},,,,
frontend/src/components/shared/DataOrigin.js,72,GET,{var}/api/doctrine,,,,
frontend/src/components/shared/HealthScoreWidget.js,68,GET,{var}/api/health-score/{var}/{var},,,,
frontend/src/components/shared/LeadKanban.js,105,GET,{var}/api/undo/recent?limit=1,,,,
frontend/src/components/shared/NotificationsBell.js,53,GET,{var}/api/notifications?limit=50,,,,
frontend/src/components/shared/NotificationsBell.js,84,POST,{var}/api/notifications/mark-all-read,,,,
frontend/src/components/shared/NotificationsBell.js,92,POST,{var}/api/notifications/{var}/mark-read,,,,
frontend/src/components/shared/PortalLayout.js,52,GET,{var}/api/dev/leads/count-unread,,,,
frontend/src/components/shared/PortalLayout.js,53,GET,{var}/api/dev/citas/count-today,,,,
frontend/src/components/shared/PortalLayout.js,54,GET,{var}/api/dev/projects/count-unhealthy,,,,
frontend/src/components/shared/PortalLayout.js,55,GET,{var}/api/asesor/contacts/count-new,,,,
frontend/src/components/shared/PortalLayout.js,267,POST,{var}/api/superadmin/tenants/impersonate/end,,,,
frontend/src/components/shared/PortalLayout.js,274,POST,{var}/api/auth/logout,,,,
frontend/src/components/shared/SetupChecklist.js,68,GET,{var}/api/panel/setup-progress,,,,
frontend/src/components/shared/UndoSnackbar.js,147,POST,{var}/api/undo/{var},,,,
frontend/src/components/shared/UniversalSearch.js,94,GET,{var}/api/search?q={var}&limit=15,,,,
frontend/src/components/shared/UniversalSearch.js,150,POST,{var}/api/asistente/ask,,,,
frontend/src/components/superadmin/AbTestCreateModal.js,61,POST,{var}/api/superadmin/ab-testing/create,,,,
frontend/src/components/superadmin/ConnectModal.js,55,POST,{var}/api/superadmin/data-sources/{var}/test,,,,
frontend/src/components/superadmin/ConnectModal.js,69,PATCH,{var}/api/superadmin/data-sources/{var},,,,
frontend/src/components/superadmin/FsdDistributionTab.js,56,GET,{var}/api/superadmin/audit/log?action=drift_detected&limit=20,,,,
frontend/src/components/superadmin/LivePulseMapTab.js,76,GET,{var}/api/maps/layers/zone_score,,,,
frontend/src/components/superadmin/PhaseYControlsPanel.js,39,GET,{var}/api/superadmin/phase-y/{var},,,,
frontend/src/components/superadmin/PhaseYControlsPanel.js,47,PATCH,{var}/api/superadmin/phase-y/{var},,,,
frontend/src/components/superadmin/PhaseYControlsPanel.js,61,POST,{var}/api/superadmin/phase-y/{var}/master-switch,,,,
frontend/src/components/superadmin/SuperadminAbTesting.js,30,GET,{var}/api/superadmin/ab-testing/list,,,,
frontend/src/components/superadmin/SuperadminAbTesting.js,43,GET,{var}/api/superadmin/ab-testing/results/{var},,,,
frontend/src/components/superadmin/SuperadminAbTesting.js,56,POST,{var}/api/superadmin/ab-testing/pick-winner,,,,
frontend/src/components/superadmin/SuperadminAbTesting.js,70,DELETE,{var}/api/superadmin/ab-testing/{var},,,,
frontend/src/components/superadmin/SuperadminConversationDrift.js,117,GET,{var}/api/superadmin/confidence/stats,,,,
frontend/src/components/superadmin/SuperadminConversations.js,40,GET,{var}/api/superadmin/conversations/stats,,,,
frontend/src/components/superadmin/SuperadminConversations.js,52,GET,{var}/api/superadmin/conversations/list?{var},,,,
frontend/src/components/superadmin/SuperadminConversations.js,67,GET,{var}/api/conversation/{var},,,,
frontend/src/components/superadmin/SuperadminConversations.js,74,POST,{var}/api/superadmin/conversations/takeover,,,,
frontend/src/components/superadmin/SuperadminKbGaps.js,36,GET,{var}/api/superadmin/kb-gaps/list?{var},,,,
frontend/src/components/superadmin/SuperadminKbGaps.js,63,POST,{var}/api/superadmin/kb-gaps/add-faq,,,,
frontend/src/components/superadmin/SuperadminKbGaps.js,77,POST,{var}/api/superadmin/kb-gaps/dismiss-gap,,,,
frontend/src/components/superadmin/UnitDemandPanel.js,12,GET,{var}/api/superadmin/devmaster/demanda-unidades?limit=15,,,,
frontend/src/components/superadmin/UploadModal.js,81,POST,{var}/api/superadmin/data-sources/{var}/upload,,,,
frontend/src/components/tour3d/Tour3DOnboardingWizard.js,78,POST,{var}/api/tour-3dgs/scans,,,,
frontend/src/components/tour3d/Tour3DViewer.js,34,GET,{var}/api/tour-3dgs/scans/{var},,,,
frontend/src/components/zones/ZoneCycleBlock.js,14,GET,{var}/api/zona/{var}/ciclo,,,,
frontend/src/components/zones/ZoneLivBlock.js,15,GET,{var}/api/indices/zona/{var},,,,
frontend/src/components/zones/ZoneRiskBlock.js,28,GET,{var}/api/zona/{var}/riesgo,,,,
frontend/src/hooks/useBranding.js,22,GET,{var}/api/orgs/me/branding,,,,
frontend/src/hooks/useCrossPortalEvents.js,24,GET,{var}/api/orgs/cross-portal/events{var},,,,
frontend/src/hooks/useDensity.js,29,GET,{var}/api/preferences/me,,,,
frontend/src/hooks/useDensity.js,77,PATCH,{var}/api/preferences/me,,,,
frontend/src/hooks/useInlineSaver.js,29,GET,{var}/api/undo/recent?limit=1,,,,
frontend/src/hooks/usePreferences.js,18,GET,{var}/api/user/preferences,,,,
frontend/src/hooks/usePreferences.js,57,PATCH,{var}/api/user/preferences,,,,
frontend/src/hooks/usePresentationMode.js,33,GET,{var}/api/preferences/me,,,,
frontend/src/hooks/usePresentationMode.js,41,PATCH,{var}/api/preferences/me,,,,
frontend/src/hooks/useTour.js,38,GET,{var}/api/preferences/me,,,,
frontend/src/hooks/useTour.js,48,POST,{var}/api/preferences/me/tour-complete,,,,
frontend/src/hooks/useTour.js,59,POST,{var}/api/preferences/me/tour-dismiss,,,,
frontend/src/lib/buyerSignal.js,40,POST,{var}/api/buyer/signal,,,,
frontend/src/lib/buyerSignal.js,52,POST,{var}/api/buyer/claim,,,,
frontend/src/lib/buyerSignal.js,67,GET,{var}/api/desarrollo/{var}/interes,,,,
frontend/src/lib/crossPortalToast.js,134,POST,{var}/api/orgs/cross-portal/log,,,,
frontend/src/lib/funnelTracker.js,37,POST,{var}/api/funnel/event,,,,
frontend/src/lib/funnelTracker.js,60,POST,{var}/api/comprador/history,,,,
frontend/src/lib/tracking.js,63,POST,{var}/api/tracking/view,,,,
frontend/src/observability.js,95,POST,{var}/api/ml/emit,,,,
frontend/src/pages/DevelopmentDetail.js,248,POST,{var}/api/buyer/promote,,,,
frontend/src/pages/DevelopmentDetail.js,741,GET,{var}/api/tour-3dgs/scans?{var},,,,
frontend/src/pages/Favoritos.js,25,GET,{var}/api/buyer/favoritos?visitor_id={var},,,,
frontend/src/pages/Favoritos.js,53,POST,{var}/api/buyer/favoritos/quitar,,,,
frontend/src/pages/Favoritos.js,156,POST,{var}/api/buyer/favoritos/nota,,,,
frontend/src/pages/Favoritos.js,160,POST,{var}/api/buyer/registrar,,,,
frontend/src/pages/Favoritos.js,163,POST,{var}/api/buyer/favoritos/cita,,,,
frontend/src/pages/FichaCockpit.js,153,GET,{var}/api/public/payment-schemes/{var},,,,
frontend/src/pages/FichaCockpit.js,379,POST,{var}/api/inversion-v4/analyze,,,,
frontend/src/pages/FichaCockpit.js,519,GET,{var}/api/public/buy-signal/{var},,,,
frontend/src/pages/FichaCockpit.js,520,GET,{var}/api/zona/{var}/lugares,,,,
frontend/src/pages/FichaCockpit.js,527,GET,{var}/api/public/ownership/{var}?price={var}&m2={var}&enganche_pct=0.20&years=20,,,,
frontend/src/pages/FichaCockpit.js,528,POST,{var}/api/inversion-v4/analyze,,,,
frontend/src/pages/FichaCockpit.js,535,GET,{var}/api/buyer/favoritos?visitor_id={var},,,,
frontend/src/pages/FichaDesarrollo.js,95,GET,{var}/api/buyer/favoritos?visitor_id={var},,,,
frontend/src/pages/FichaDesarrollo.js,112,GET,{var}/api/public/buy-signal/{var},,,,
frontend/src/pages/FichaDesarrollo.js,113,GET,{var}/api/zona/{var}/lugares,,,,
frontend/src/pages/FichaDesarrollo.js,120,GET,{var}/api/public/ownership/{var}?price={var}&m2={var}&enganche_pct=0.20&years=20,,,,
frontend/src/pages/FichaDesarrollo.js,121,POST,{var}/api/inversion-v4/analyze,,,,
frontend/src/pages/Inteligencia.js,212,GET,{var}/api/investment-simulator/score/top-colonias?limit=10,,,,
frontend/src/pages/Mapa.js,136,POST,{var}/api/colonia-watch,,,,
frontend/src/pages/Mapa.js,137,DELETE,{var}/api/colonia-watch?watcher={var}&colonia_id={var},,,,
frontend/src/pages/Mapa.js,159,GET,{var}/api/colonias-geojson,,,,
frontend/src/pages/Mapa.js,163,GET,{var}/api/developments?limit=200,,,,
frontend/src/pages/Mapa.js,178,GET,{var}/api/mapa/capas,,,,
frontend/src/pages/Mapa.js,207,GET,{var}/api/mapa/capa/{var},,,,
frontend/src/pages/Mapa.js,433,GET,{var}/api/colonias-similar/{var}?n=3,,,,
frontend/src/pages/Mapa.js,443,GET,{var}/api/mapa/colonia/{var}/valoracion,,,,
frontend/src/pages/Mapa.js,453,GET,{var}/api/catastro/colonia/{var},,,,
frontend/src/pages/Mapa.js,471,GET,{var}/api/catastro/predios-bbox?w={var}&s={var}&e={var}&n={var}&limit=3000,,,,
frontend/src/pages/Marketplace.js,90,GET,{var}/api/buyer/parecidos?visitor_id={var}&limit=6,,,,
frontend/src/pages/Marketplace.js,93,GET,{var}/api/buyer/alertas?visitor_id={var},,,,
frontend/src/pages/Marketplace.js,299,POST,{var}/api/buyer/elasticidad,,,,
frontend/src/pages/asesor/AsesorCitas.js,148,GET,{var}/api/developments?sort=recent,,,,
frontend/src/pages/asesor/AsesorContactos.js,119,GET,{var}/api/developments?sort=recent,,,,
frontend/src/pages/asesor/AsesorContactos.js,921,GET,{var}/api/developments?sort=recent,,,,
frontend/src/pages/asesor/AsesorDashboard.js,48,GET,{var}/api/lead-journey/leaderboard?period_days=30&limit=5,,,,
frontend/src/pages/asesor/AsesorMetricas.js,94,GET,{var}/api/asesor/copilot/metrics?days={var},,,,
frontend/src/pages/asesor/AsesorOperaciones.js,55,GET,{var}/api/developments?sort=recent,,,,
frontend/src/pages/asesor/AsesorOutbound.js,42,GET,{var}/api/lead-journey/outbound-available?limit=200,,,,
frontend/src/pages/asesor/AsesorOutbound.js,43,GET,{var}/api/lead-journey/stats?period_days=30,,,,
frontend/src/pages/asesor/AsesorOutbound.js,82,POST,{var}/api/leads/{var}/outbound-claim,,,,
frontend/src/pages/asesor/AsesorOutbound.js,98,POST,{var}/api/lead-journey/bulk-reroute,,,,
frontend/src/pages/asesor/AsesorOutbound.js,118,POST,{var}/api/leads/{var}/pause-nurture,,,,
frontend/src/pages/asesor/AsesorTareas.js,41,GET,{var}/api/asesor/citas?status=agendada&limit=10,,,,
frontend/src/pages/asesor/AsesorTareas.js,71,GET,{var}/api/undo/recent?limit=1,,,,
frontend/src/pages/asesor/CalendarSettings.js,283,GET,{var}/api/oauth/connections,,,,
frontend/src/pages/asesor/CalendarSettings.js,313,GET,{var}/api/oauth/{var}/initiate,,,,
frontend/src/pages/asesor/CalendarSettings.js,326,POST,{var}/api/oauth/{var}/revoke,,,,
frontend/src/pages/asesor/ConversationInbox.js,228,GET,{var}/api/asesor/conversations/unified,,,,
frontend/src/pages/asesor/ConversationInbox.js,246,GET,{var}/api/asesor/atlax-settings,,,,
frontend/src/pages/asesor/ConversationInbox.js,253,POST,{var}/api/asesor/atlax-settings,,,,
frontend/src/pages/asesor/ConversationInbox.js,283,GET,{var}/api/asesor/contactos/{var}/whatsapp?channel={var},,,,
frontend/src/pages/asesor/ConversationInbox.js,286,GET,{var}/api/conversation/{var},,,,
frontend/src/pages/asesor/ConversationInbox.js,297,GET,{var}/api/conversation/{var}/confidence-history,,,,
frontend/src/pages/asesor/ConversationInbox.js,304,GET,{var}/api/asesor/contactos/{var}/context,,,,
frontend/src/pages/asesor/ConversationInbox.js,310,GET,{var}/api/asesor/contactos/{var}/conversation-ai?channel={var},,,,
frontend/src/pages/asesor/ConversationInbox.js,321,GET,{var}/api/asesor/contactos/{var}/whatsapp?channel={var},,,,
frontend/src/pages/asesor/ConversationInbox.js,324,GET,{var}/api/conversation/{var},,,,
frontend/src/pages/asesor/ConversationInbox.js,334,POST,{var}/api/asesor/contactos/{var}/whatsapp,,,,
frontend/src/pages/asesor/ConversationInbox.js,340,POST,{var}/api/conversation/message,,,,
frontend/src/pages/asesor/ConversationInbox.js,354,POST,{var}/api/asesor/contactos/{var}/whatsapp/draft,,,,
frontend/src/pages/asesor/ConversationInbox.js,368,GET,{var}/api/asesor/contactos/{var}/suggestions,,,,
frontend/src/pages/asesor/ConversationInbox.js,380,POST,{var}/api/asesor/contactos/{var}/board,,,,
frontend/src/pages/asesor/ConversationInbox.js,392,GET,{var}/api/asesor/contactos/{var}/context,,,,
frontend/src/pages/asesor/ConversationInbox.js,404,POST,{var}/api/asesor/tareas,,,,
frontend/src/pages/asesor/ConversationInbox.js,407,POST,{var}/api/asesor/contactos/{var}/timeline,,,,
frontend/src/pages/asesor/ConversationInbox.js,410,POST,{var}/api/asesor/contactos/{var}/cita,,,,
frontend/src/pages/asesor/ConversationInbox.js,425,GET,{var}/api/asesor/contactos/{var}/ai-suggest?type={var}&channel={var},,,,
frontend/src/pages/asesor/ConversationInbox.js,435,POST,{var}/api/asesor/copilot/feedback,,,,
frontend/src/pages/asesor/ConversationInbox.js,445,GET,{var}/api/asesor/copilot/metrics,,,,
frontend/src/pages/asesor/ConversationInbox.js,458,POST,{var}/api/asesor/contactos/{var}/swipe-link,,,,
frontend/src/pages/asesor/ConversationInbox.js,471,POST,{var}/api/agent-workforce/run-now,,,,
frontend/src/pages/asesor/ConversationInbox.js,510,POST,{var}/api/asesor/contactos/{var}/copilot-ask,,,,
frontend/src/pages/asesor/ConversationInbox.js,551,PATCH,{var}/api/asesor/busquedas/{var},,,,
frontend/src/pages/asesor/ConversationPlayground.js,45,POST,{var}/api/conversation/start,,,,
frontend/src/pages/asesor/ConversationPlayground.js,74,POST,{var}/api/conversation/message,,,,
frontend/src/pages/asesor/ConversationPlayground.js,94,POST,{var}/api/conversation/handoff,,,,
frontend/src/pages/asesor/LinksTracking.js,13,GET,{var}/api/asesor/tracking-links,,,,
frontend/src/pages/asesor/LinksTracking.js,18,GET,{var}/api/asesor/tracking-links/stats,,,,
frontend/src/pages/asesor/LinksTracking.js,23,POST,{var}/api/asesor/tracking-links/qrcode,,,,
frontend/src/pages/asesor/StudioDashboard.js,23,GET,{var}/api/studio/my-budget,,,,
frontend/src/pages/asesor/StudioDashboard.js,264,GET,{var}/api/developments?sort=recent,,,,
frontend/src/pages/developer/AutoAssignments.js,97,GET,{var}/api/appointments/metrics?{var},,,,
frontend/src/pages/developer/CitasPolicies.js,80,GET,{var}/api/appointments/policy/{var},,,,
frontend/src/pages/developer/CitasPolicies.js,90,POST,{var}/api/appointments/availability,,,,
frontend/src/pages/developer/CitasPolicies.js,109,PUT,{var}/api/appointments/policy/{var},,,,
frontend/src/pages/developer/CitasPolicies.js,330,GET,{var}/api/dev/projects/list-with-stats,,,,
frontend/src/pages/developer/CitasPolicies.js,331,GET,{var}/api/dev/internal-users,,,,
frontend/src/pages/developer/CitasPolicies.js,341,GET,{var}/api/oauth/connections,,,,
frontend/src/pages/developer/CitasPolicies.js,358,GET,{var}/api/oauth/advisor-pool,,,,
frontend/src/pages/developer/DesarrolladorCRM.js,119,PATCH,{var}/api/leads/{var},,,,
frontend/src/pages/developer/DesarrolladorConfiguracion.js,86,POST,{var}/api/dev/erp-webhooks/{var}/event,,,,
frontend/src/pages/developer/DesarrolladorDashboard.js,43,GET,{var}/api/panel/weekly-brief,,,,
frontend/src/pages/developer/DesarrolladorDisputas.js,415,GET,{var}/api/dev/disputes/pending,,,,
frontend/src/pages/developer/DesarrolladorDisputas.js,416,GET,{var}/api/dev/disputes/history?limit=200,,,,
frontend/src/pages/developer/DesarrolladorDisputas.js,441,POST,{var}/api/dev/disputes/{var}/resolve,,,,
frontend/src/pages/developer/DesarrolladorLegajo.js,70,GET,{var}/api/developments/{var},,,,
frontend/src/pages/developer/DesarrolladorLegajo.js,265,POST,{var}/api/desarrollador/developments/{var}/assets/regenerate-plano-thumbnails,,,,
frontend/src/pages/developer/DesarrolladorLegajo.js,311,GET,{var}/api/developments/{var}/assets,,,,
frontend/src/pages/developer/DesarrolladorRedComercial.js,226,GET,{var}/api/dev/whitelist/pending,,,,
frontend/src/pages/developer/DesarrolladorRedComercial.js,227,GET,{var}/api/dev/disputes/pending,,,,
frontend/src/pages/developer/NuevoProyecto.js,96,GET,{var}/api/colonias-search?q={var},,,,
frontend/src/pages/developer/ProyectoDetail.js,737,GET,{var}/api/tour-3dgs/scans?project_slug={var}&limit=100,,,,
frontend/src/pages/developer/ProyectoDetail.js,748,GET,{var}/api/developments/{var}/units,,,,
frontend/src/pages/developer/ProyectoDetail.js,757,DELETE,{var}/api/tour-3dgs/scans/{var},,,,
frontend/src/pages/portal/NotificationsSettings.js,62,GET,{var}/api/notifications/preferences,,,,
frontend/src/pages/portal/NotificationsSettings.js,70,GET,{var}/api/asesor/digest/prefs,,,,
frontend/src/pages/portal/NotificationsSettings.js,87,PATCH,{var}/api/asesor/digest/prefs,,,,
frontend/src/pages/portal/NotificationsSettings.js,146,PUT,{var}/api/notifications/preferences,,,,
frontend/src/pages/portal/asesor/CanalesPage.js,60,GET,{var}/api/asesor/channels,,,,
frontend/src/pages/portal/asesor/CanalesPage.js,69,POST,{var}/api/asesor/channels/{var}/connect-request,,,,
frontend/src/pages/portal/tools/TaxProjectorPage.js,794,GET,{var}/api/colonias-search?q={var}&limit=20,,,,
frontend/src/pages/portal/tools/TaxProjectorPage.js,855,GET,{var}/api/zona/{var}/inversion,,,,
frontend/src/pages/public/AlcaldiaPage.js,154,GET,{var}/api/public/landing/alcaldia/{var},,,,
frontend/src/pages/public/AsistentePage.js,69,GET,{var}/api/asistente/sessions/{var},,,,
frontend/src/pages/public/AtlaxExperiencia.js,57,GET,{var}/api/buyer/experiencia-fotos/{var}?visitor_id={var},,,,
frontend/src/pages/public/AtlaxExperiencia.js,60,GET,{var}/api/buyer/experiencia-parallax/{var}?visitor_id={var},,,,
frontend/src/pages/public/AtlaxSurface.js,90,POST,{var}/api/perfil/registrar-busqueda,,,,
frontend/src/pages/public/AtlaxSurface.js,107,POST,{var}/api/atlax/blocks,,,,
frontend/src/pages/public/BrokerPortal.js,55,POST,{var}/api/auth/login,,,,
frontend/src/pages/public/BrokerPortal.js,76,POST,{var}/api/auth/signup-broker,,,,
frontend/src/pages/public/ConfianzaPage.js,35,GET,{var}/api/accuracy/per-zone,,,,
frontend/src/pages/public/Embed3DGSPage.js,23,GET,{var}/api/tour-3dgs/scans?unit_id={var}&status=ready&limit=1,,,,
frontend/src/pages/public/Embed3DGSPage.js,34,GET,{var}/api/tour-3dgs/settings/{var},,,,
frontend/src/pages/public/Embed3DGSPage.js,59,POST,{var}/api/tour-3dgs/embed/loaded,,,,
frontend/src/pages/public/FreeAudit.js,60,POST,{var}/api/free-audit/upload-floor-plan,,,,
frontend/src/pages/public/FreeAudit.js,95,POST,{var}/api/free-audit/submit,,,,
frontend/src/pages/public/IntentLandingPage.js,154,GET,{var}/api/public/landing/intent/{var},,,,
frontend/src/pages/public/PrensaPage.js,119,GET,{var}/api/public/press/stats,,,,
frontend/src/pages/public/PublicBookingPage.js,105,GET,{var}/api/public/projects/{var}/booking,,,,
frontend/src/pages/public/PublicBookingPage.js,143,POST,{var}/api/public/projects/{var}/availability,,,,
frontend/src/pages/public/PublicBookingPage.js,171,POST,{var}/api/public/projects/{var}/book,,,,
frontend/src/pages/public/SeoThemedLanding.js,54,GET,{var}/api/seo-themed/{var},,,,
frontend/src/pages/public/StateOfCDMX.js,20,GET,{var}/api/state-of-cdmx,,,,
frontend/src/pages/public/ZonePageV2.js,760,GET,{var}/api/zona/place-photo?ref={var}&w=600,,,,
frontend/src/pages/public/connect/MCPTutorial.js,40,POST,{var}/api/mcp/track-adoption,,,,
frontend/src/pages/public/widgets/RiskWidgetPage.js,25,GET,{var}/api/widgets/risk/{var},,,,
frontend/src/pages/public/widgets/ScoreWidgetPage.js,35,GET,{var}/api/widgets/score/{var},,,,
frontend/src/pages/superadmin/DataSourcesPage.js,95,GET,{var}/api/dev/inegi/cache-stats,,,,
frontend/src/pages/superadmin/DataSourcesPage.js,106,POST,{var}/api/dev/inegi/demographics/refresh?colonia=Polanco&state_code=09,,,,
frontend/src/pages/superadmin/DesarrollosPanorama.js,100,GET,{var}/api/superadmin/devmaster/home{var},,,,
frontend/src/pages/superadmin/DesarrollosPanorama.js,104,GET,{var}/api/superadmin/devmaster/brief{var},,,,
frontend/src/pages/superadmin/DocumentsPage.js,17,GET,{var}/api/developments,,,,
frontend/src/pages/superadmin/DocumentsPage.js,22,GET,{var}/api/superadmin/documents,,,,
frontend/src/pages/superadmin/DocumentsPage.js,36,GET,{var}/api/superadmin/cross-checks/stats/global,,,,
frontend/src/pages/superadmin/SuperadminDashboard.js,207,GET,{var}/api/developments?limit=30,,,,
frontend/src/pages/superadmin/SuperadminDashboard.js,212,GET,{var}/api/superadmin/developments/{var}/units-history?limit=10,,,,
frontend/src/pages/superadmin/SuperadminFSDAccuracy.js,45,GET,{var}/api/fsd/accuracy?days={var},,,,
frontend/src/pages/superadmin/SuperadminInvites.js,52,GET,{var}/api/superadmin/invites?{var},,,,
frontend/src/pages/superadmin/SuperadminInvites.js,63,GET,{var}/api/superadmin/waitlist?page=1&limit=200,,,,
frontend/src/pages/superadmin/SuperadminInvites.js,81,POST,{var}/api/superadmin/invites/{var}/revoke,,,,
frontend/src/pages/superadmin/SuperadminInvites.js,342,POST,{var}/api/superadmin/invites/generate,,,,
frontend/src/pages/superadmin/SuperadminLandingLeads.js,459,GET,{var}/api/superadmin/phase-y/settings-overview,,,,
frontend/src/pages/superadmin/SuperadminObservabilityPage.js,32,GET,{var}/api/_internal/observability/status,,,,
frontend/src/pages/superadmin/SuperadminObservabilityPage.js,43,POST,{var}/api/_internal/test-sentry,,,,
frontend/src/pages/superadmin/SuperadminVerticalProducts.js,53,GET,{var}/api/superadmin/api-keys,,,,
frontend/src/pages/superadmin/SuperadminVerticalProducts.js,118,POST,{var}/api/v1/verticals/{var},,,,
frontend/src/pages/superadmin/SuperadminVirtualStaging.js,40,GET,{var}/api/virtual-staging/admin/stats,,,,
frontend/src/templates/landings/BoutiqueTemplate.js,196,POST,{var}/api/studio/property-intake/public/{var}/lead,,,,
frontend/src/templates/landings/CompareTemplate.js,209,POST,{var}/api/studio/property-intake/public/{var}/lead,,,,
frontend/src/templates/landings/FamilyTemplate.js,252,POST,{var}/api/studio/property-intake/public/{var}/lead,,,,
frontend/src/templates/landings/FirstHomeTemplate.js,229,POST,{var}/api/studio/property-intake/public/{var}/lead,,,,
frontend/src/templates/landings/InvestorTemplate.js,367,POST,{var}/api/studio/property-intake/public/{var}/lead,,,,
frontend/src/templates/landings/LuxuryTemplate.js,223,POST,{var}/api/studio/property-intake/public/{var}/lead,,,,
frontend/src/templates/landings/ScrollytellingTemplate.js,105,POST,{var}/api/studio/property-intake/public/{var}/lead,,,,
frontend/src/templates/landings/SocialProofTemplate.js,208,POST,{var}/api/studio/property-intake/public/{var}/lead,,,,
frontend/src/templates/landings/UrgentTemplate.js,231,POST,{var}/api/studio/property-intake/public/{var}/lead,,,,
frontend/src/templates/landings/VideoFirstTemplate.js,177,POST,{var}/api/studio/property-intake/public/{var}/lead,,,,
frontend/src/utils/behavioralTracker.js,32,POST,{var}/api/track,,,,
