engine,importado_por_n,importado_por,expuesto_en_endpoint,agendado_en_cron,estado_preliminar,auditado
backend/ab_testing_engine.py,3,backend/conversation_ab_testing.py;backend/feature_gate_engine.py;backend/routes/feature_visibility.py,backend/routes/feature_visibility.py,no,ACTIVO,
backend/absorcion_engine.py,5,backend/demand_intelligence.py;backend/estudio_mercado_engine.py;backend/routes/estudio_mercado.py;backend/routes/public.py;backend/terminal_celda.py,backend/routes/estudio_mercado.py;backend/routes/public.py,no,ACTIVO,
backend/accuracy_cron.py,1,backend/server.py,backend/server.py,no,ACTIVO,
backend/accuracy_engine.py,7,backend/accuracy_cron.py;backend/drift_detector.py;backend/engines_batch_valuacion.py;backend/live_pulse_engine.py;backend/routes/accuracy.py;backend/routes/dev_batch4_2.py,backend/routes/accuracy.py;backend/routes/dev_batch4_2.py;backend/server.py,backend/accuracy_cron.py,ACTIVO,
backend/agent_workforce/__init__.py,0,,no,no,HUÉRFANO?,
backend/agent_workforce/agent_common.py,3,backend/asistente_engine.py;backend/routes/agent_workforce.py;backend/tests/test_agent_workforce.py,backend/routes/agent_workforce.py,no,ACTIVO,
backend/agent_workforce/analyst.py,1,backend/tests/test_agent_closer_analyst.py,no,no,IMPORTADO,
backend/agent_workforce/closer.py,1,backend/tests/test_agent_closer_analyst.py,no,no,IMPORTADO,
backend/agent_workforce/coach.py,4,backend/cerebro_mercado_engine.py;backend/cerebro_redteam_test.py;backend/dmx_self_improving.py;backend/tests/test_agent_coach.py,no,no,IMPORTADO,
backend/agent_workforce/nurturer.py,1,backend/tests/test_agent_workforce.py,no,no,IMPORTADO,
backend/agent_workforce/orchestrator.py,5,backend/asistente_engine.py;backend/routes/agent_workforce.py;backend/routes/cerebro.py;backend/server.py;backend/tests/test_agent_workforce.py,backend/routes/agent_workforce.py;backend/routes/cerebro.py;backend/server.py,no,ACTIVO,
backend/agent_workforce/prospector.py,1,backend/tests/test_agent_workforce.py,no,no,IMPORTADO,
backend/ai_quota_engine.py,3,backend/ai_budget.py;backend/routes/superadmin_ai_cost.py;backend/server.py,backend/routes/superadmin_ai_cost.py;backend/server.py,no,ACTIVO,
backend/amenidades_engine.py,4,backend/engines_hub.py;backend/estudio_mercado_engine.py;backend/generador_producto_engine.py;backend/routes/estudio_mercado.py,backend/routes/estudio_mercado.py,no,ACTIVO,
backend/anomaly_detection_engine.py,4,backend/routes/superadmin_founder_console.py;backend/scheduler_ie.py;backend/server.py;backend/tests/wave2/test_anomaly_detection_engine_unit.py,backend/routes/superadmin_founder_console.py;backend/server.py,backend/scheduler_ie.py,ACTIVO,
backend/anonymization_engine.py,9,backend/grafo_comprador_engine.py;backend/routes/buyer_signals.py;backend/routes/copiloto_flywheel.py;backend/routes/drpi.py;backend/routes/public_api_v1.py;backend/routes/risk_score.py,backend/routes/buyer_signals.py;backend/routes/copiloto_flywheel.py;backend/routes/drpi.py,no,ACTIVO,
backend/apify_trends_engine.py,6,backend/asistente_engine.py;backend/routes/trends.py;backend/scheduler_ie.py;backend/server.py;backend/tests/test_apify_trends.py;backend/zone_subscores_compute.py,backend/routes/trends.py;backend/server.py,backend/scheduler_ie.py,ACTIVO,
backend/asesor_digest_engine.py,3,backend/routes/advisor.py;backend/server.py;backend/tests/test_asesor_digest.py,backend/routes/advisor.py;backend/server.py,no,ACTIVO,
backend/asistente_engine.py,11,backend/atlax_engine.py;backend/routes/asistente.py;backend/routes/studio_landing.py;backend/routes/whatsapp_copiloto.py;backend/scheduler_ie.py;backend/server.py,backend/routes/asistente.py;backend/routes/studio_landing.py;backend/routes/whatsapp_copiloto.py,backend/scheduler_ie.py,ACTIVO,
backend/atlax_engine.py,2,backend/server.py;backend/tests/wave4/test_atlax_engine_unit.py,router propio,no,ACTIVO,
backend/atlax_persona_engine.py,4,backend/asistente_engine.py;backend/routes/atlax_persona.py;backend/server.py;backend/tests/wave4/test_atlax_persona_engine_unit.py,backend/routes/atlax_persona.py;backend/server.py,no,ACTIVO,
backend/audit_immutable_engine.py,75,backend/ab_testing_engine.py;backend/accuracy_cron.py;backend/adapters/tts/elevenlabs.py;backend/agent_workforce/orchestrator.py;backend/asesor_digest_engine.py;backend/asistente_engine.py,backend/routes/accuracy.py;backend/routes/battle_card.py;backend/routes/construction_quality.py,backend/accuracy_cron.py;backend/battle_card_cron.py;backend/churn_prediction_cron.py,ACTIVO,
backend/auto_nurture_cron.py,1,backend/server.py,backend/server.py,no,ACTIVO,
backend/auto_pilot_engine.py,3,backend/routes/auto_pilot.py;backend/server.py;backend/tests/test_auto_pilot.py,backend/routes/auto_pilot.py;backend/server.py,no,ACTIVO,
backend/auto_sync_engine.py,6,backend/cross_check_engine.py;backend/extraction_engine.py;backend/routes/advisor.py;backend/routes/documents.py;backend/server.py;backend/services/mini_market_engine.py,backend/routes/advisor.py;backend/routes/documents.py;backend/server.py,no,ACTIVO,
backend/avm_explain_engine.py,2,backend/avm_public_engine.py;backend/engines_batch_valuacion.py,no,no,IMPORTADO,
backend/avm_feature_engine.py,3,backend/avm_public_engine.py;backend/captacion_value_engine.py;backend/engines_batch_valuacion.py,no,no,IMPORTADO,
backend/avm_predios_engine.py,1,scripts/seed_avm_predios.py,no,no,IMPORTADO,
backend/avm_public_engine.py,18,backend/asistente_engine.py;backend/battle_card_engine.py;backend/cerebro/executors.py;backend/cma_engine.py;backend/demand_intelligence.py;backend/engines_batch_valuacion.py,backend/routes/advisor.py;backend/routes/avm_public.py;backend/routes/dev_batch11.py,no,ACTIVO,
backend/avm_retrain_cron.py,4,backend/cerebro/coach.py;backend/drift_detector.py;backend/routes/avm_accuracy.py;backend/server.py,backend/routes/avm_accuracy.py;backend/server.py,no,ACTIVO,
backend/bancabilidad_engine.py,4,backend/engines_hub.py;backend/routes/developer.py;backend/routes/public_api_v1.py;backend/routes/terminal_mercado.py,backend/routes/developer.py;backend/routes/public_api_v1.py;backend/routes/terminal_mercado.py,no,ACTIVO,
backend/battle_card_cron.py,1,backend/server.py,backend/server.py,no,ACTIVO,
backend/battle_card_engine.py,6,backend/asistente_engine.py;backend/battle_card_cron.py;backend/demand_intelligence.py;backend/engines_batch_inversion.py;backend/routes/battle_card.py;backend/server.py,backend/routes/battle_card.py;backend/server.py,backend/battle_card_cron.py,ACTIVO,
backend/behavioral_tracking_engine.py,6,backend/asistente_engine.py;backend/engines_batch_demanda.py;backend/routes/asistente.py;backend/routes/behavioral.py;backend/server.py;backend/sub_agents/pricing_agent.py,backend/routes/asistente.py;backend/routes/behavioral.py;backend/server.py,no,ACTIVO,
backend/briefing_engine.py,1,backend/server.py,router propio,no,ACTIVO,
backend/brochure_engine.py,3,backend/routes/brochure.py;backend/server.py;backend/tests/wave4/test_brochure_engine_unit.py,backend/routes/brochure.py;backend/server.py,no,ACTIVO,
backend/bulk_ingest_engine.py,3,backend/routes/bulk_ingest.py;backend/server.py;backend/tests/wave1/test_bulk_ingest_engine_unit.py,backend/routes/bulk_ingest.py;backend/server.py,no,ACTIVO,
backend/bulletins_engine.py,4,backend/routes/bulletins.py;backend/scheduler_ie.py;backend/server.py;backend/tests/wave3/test_bulletins_engine_unit.py,backend/routes/bulletins.py;backend/server.py,backend/scheduler_ie.py,ACTIVO,
backend/buyer_coach_engine.py,4,backend/asistente_engine.py;backend/routes/buyer_coach.py;backend/server.py;backend/tests/wave4/test_buyer_coach_engine_unit.py,backend/routes/buyer_coach.py;backend/server.py,no,ACTIVO,
backend/buyer_score_cron.py,2,backend/routes/buyer_score.py;backend/server.py,backend/routes/buyer_score.py;backend/server.py,no,ACTIVO,
backend/buyer_score_engine.py,12,backend/agent_workforce/prospector.py;backend/asistente_engine.py;backend/buyer_coach_engine.py;backend/buyer_score_cron.py;backend/cerebro/executors.py;backend/conversation_disc_adapter.py,backend/server.py,backend/buyer_score_cron.py,ACTIVO,
backend/captacion_value_engine.py,2,backend/engines_batch_demanda.py;backend/routes/advisor.py,backend/routes/advisor.py,no,ACTIVO,
backend/catastro_sig_engine.py,3,backend/engines_hub.py;backend/routes/public.py;scripts/seed_far_predios.py,backend/routes/public.py,no,ACTIVO,
backend/cerebro/__init__.py,0,,no,no,HUÉRFANO?,
backend/cerebro/coach.py,4,backend/cerebro_mercado_engine.py;backend/cerebro_redteam_test.py;backend/dmx_self_improving.py;backend/tests/test_agent_coach.py,no,no,IMPORTADO,
backend/cerebro/config.py,2,backend/cerebro_redteam_test.py;backend/studio_carrusel_engine.py,no,no,IMPORTADO,
backend/cerebro/contract.py,2,backend/dmx_cerebro_market.py;backend/routes/cerebro.py,backend/routes/cerebro.py,no,ACTIVO,
backend/cerebro/executors.py,2,backend/cerebro_redteam_test.py;backend/routes/advisor.py,backend/routes/advisor.py,no,ACTIVO,
backend/cerebro/guardrails.py,1,backend/routes/cerebro.py,backend/routes/cerebro.py,no,ACTIVO,
backend/cerebro/lookalike.py,2,backend/memorandum.py;backend/routes/superadmin_demand_intel.py,backend/routes/superadmin_demand_intel.py,no,ACTIVO,
backend/cerebro/memory.py,2,backend/audit_immutable_engine.py;backend/lead_enrichment_engine.py,no,no,IMPORTADO,
backend/cerebro/orchestrator.py,5,backend/asistente_engine.py;backend/routes/agent_workforce.py;backend/routes/cerebro.py;backend/server.py;backend/tests/test_agent_workforce.py,backend/routes/agent_workforce.py;backend/routes/cerebro.py;backend/server.py,no,ACTIVO,
backend/cerebro/recommendations.py,1,backend/server.py,backend/server.py,no,ACTIVO,
backend/cerebro/store.py,2,backend/cerebro/orchestrator.py;backend/dmx_cerebro_market.py,no,no,IMPORTADO,
backend/cerebro_mercado_engine.py,13,backend/bancabilidad_engine.py;backend/engines_batch_cubo.py;backend/estudio_autopiloto_engine.py;backend/estudio_mercado_engine.py;backend/generador_producto_engine.py;backend/investment_simulator_engine.py,backend/routes/cerebro_mercado.py;backend/routes/copiloto_flywheel.py;backend/routes/dev_batch11.py,no,ACTIVO,
backend/churn_prediction_cron.py,1,backend/server.py,backend/server.py,no,ACTIVO,
backend/churn_prediction_engine.py,4,backend/churn_prediction_cron.py;backend/engines_batch_demanda.py;backend/routes/advisor.py;backend/routes/superadmin_devmaster.py,backend/routes/advisor.py;backend/routes/superadmin_devmaster.py,backend/churn_prediction_cron.py,ACTIVO,
backend/climate_migration_cron.py,1,backend/server.py,backend/server.py,no,ACTIVO,
backend/climate_migration_engine.py,6,backend/asistente_engine.py;backend/climate_migration_cron.py;backend/engines_batch_geo.py;backend/routes/climate_migration.py;backend/routes/public.py;backend/server.py,backend/routes/climate_migration.py;backend/routes/public.py;backend/server.py,backend/climate_migration_cron.py,ACTIVO,
backend/cma_engine.py,5,backend/cma_pdf_renderer.py;backend/engines_batch_valuacion.py;backend/routes/cma.py;backend/routes/share_meta.py;backend/server.py,backend/routes/cma.py;backend/routes/share_meta.py;backend/server.py,no,ACTIVO,
backend/colonia_valoracion_engine.py,2,backend/routes/public.py;scripts/seed_colonia_valoracion.py,backend/routes/public.py,no,ACTIVO,
backend/comparable_anomaly_engine.py,4,backend/demand_intelligence.py;backend/engines_batch_geo.py;backend/scheduler_ie.py;backend/server.py,backend/server.py,backend/scheduler_ie.py,ACTIVO,
backend/comparator_engine.py,3,backend/asistente_engine.py;backend/routes/compare.py;backend/server.py,backend/routes/compare.py;backend/server.py,no,ACTIVO,
backend/compare_engine.py,1,backend/routes/superadmin_demand_intel.py,backend/routes/superadmin_demand_intel.py,no,ACTIVO,
backend/compliance_engine.py,10,backend/routes/compliance.py;backend/routes/drpi.py;backend/routes/partners.py;backend/routes/public_api_v1.py;backend/routes/risk_score.py;backend/routes/vertical_products.py,backend/routes/compliance.py;backend/routes/drpi.py;backend/routes/partners.py,backend/scheduler_ie.py,ACTIVO,
backend/construction_cost_engine.py,11,backend/demand_intelligence.py;backend/dmx_margin.py;backend/engines_batch_inversion.py;backend/golden_calibration_engine.py;backend/routes/dev_batch11.py;backend/routes/phase5_foundation.py,backend/routes/dev_batch11.py;backend/routes/phase5_foundation.py;backend/server.py,backend/scheduler_ie.py,ACTIVO,
backend/construction_quality_cron.py,1,backend/server.py,backend/server.py,no,ACTIVO,
backend/construction_quality_engine.py,6,backend/asistente_engine.py;backend/construction_quality_cron.py;backend/engines_hub.py;backend/routes/construction_quality.py;backend/scripts/seed_w6_construction_quality.py;backend/server.py,backend/routes/construction_quality.py;backend/server.py,backend/construction_quality_cron.py,ACTIVO,
backend/conversation_channels/__init__.py,0,,no,no,HUÉRFANO?,
backend/conversation_channels/email.py,0,,no,no,HUÉRFANO?,
backend/conversation_channels/inapp.py,0,,no,no,HUÉRFANO?,
backend/conversation_channels/instagram.py,0,,no,no,HUÉRFANO?,
backend/conversation_channels/linkedin.py,0,,no,no,HUÉRFANO?,
backend/conversation_channels/messenger.py,0,,no,no,HUÉRFANO?,
backend/conversation_channels/registry.py,1,backend/routes/advisor.py,backend/routes/advisor.py,no,ACTIVO,
backend/conversation_channels/tiktok.py,0,,no,no,HUÉRFANO?,
backend/conversation_channels/web.py,1,backend/conversation_channels/__init__.py,no,no,IMPORTADO,
backend/conversation_channels/whatsapp_stub.py,1,backend/conversation_channels/registry.py,no,no,IMPORTADO,
backend/conversation_channels/youtube.py,0,,no,no,HUÉRFANO?,
backend/conversation_cost_stats_engine.py,2,backend/routes/conversation_cost.py;backend/tests/test_conversation_cost.py,backend/routes/conversation_cost.py,no,ACTIVO,
backend/conversation_engine.py,8,backend/asistente_engine.py;backend/routes/advisor.py;backend/routes/conversation.py;backend/server.py;scripts/qa_journey.py;scripts/qa_journey_full.py,backend/routes/advisor.py;backend/routes/conversation.py;backend/server.py,no,ACTIVO,
backend/conversation_kb_gaps_engine.py,1,backend/routes/conversation_kb_gaps.py,backend/routes/conversation_kb_gaps.py,no,ACTIVO,
backend/crime_data_engine.py,6,backend/engines_batch_geo.py;backend/risk_score_engine.py;backend/routes/risk_score.py;backend/scheduler_ie.py;backend/server.py;backend/zone_subscores_compute.py,backend/routes/risk_score.py;backend/server.py,backend/scheduler_ie.py,ACTIVO,
backend/crime_fgj_engine.py,3,backend/colonias_catalog.py;backend/tests/wave4/test_metric_normalizer_unit.py;backend/zone_data_cron.py,no,backend/zone_data_cron.py,ACTIVO,
backend/cron_heartbeat.py,24,backend/anomaly_detection_engine.py;backend/bulletins_engine.py;backend/compliance_engine.py;backend/construction_cost_engine.py;backend/crime_data_engine.py;backend/cube_olap_engine.py,backend/routes/superadmin_ai_cost.py;backend/routes/superadmin_data_hub.py;backend/routes/superadmin_health.py,backend/scheduler_ie.py;backend/tests/wave1/test_cron_heartbeat_unit.py;backend/trial_expiry_cron.py,ACTIVO,
backend/cross_check_engine.py,5,backend/engines_batch_cubo.py;backend/extraction_engine.py;backend/routes/developer.py;backend/routes/documents.py;backend/server.py,backend/routes/developer.py;backend/routes/documents.py;backend/server.py,no,ACTIVO,
backend/cross_sell_engine.py,5,backend/engines_batch_cubo.py;backend/routes/cross_sell.py;backend/routes/partners.py;backend/server.py;backend/tests/wave3/test_cross_sell_engine_unit.py,backend/routes/cross_sell.py;backend/routes/partners.py;backend/server.py,no,ACTIVO,
backend/cube_olap_engine.py,12,backend/dmx_demand.py;backend/engines_batch_cubo.py;backend/plusvalia_grid_engine.py;backend/routes/public_market.py;backend/routes/superadmin_metrics_cube.py;backend/scheduler_ie.py,backend/routes/public_market.py;backend/routes/superadmin_metrics_cube.py;backend/server.py,backend/scheduler_ie.py,ACTIVO,
backend/demand_twin_engine.py,6,backend/demand_intelligence.py;backend/engines_batch_demanda.py;backend/routes/superadmin_founder_console.py;scripts/flywheel_final.py;scripts/propagation_matrix.py;scripts/smoke_e2e.py,backend/routes/superadmin_founder_console.py,no,ACTIVO,
backend/demanda_demografica_engine.py,3,backend/engines_hub.py;backend/estudio_mercado_engine.py;backend/routes/demanda_demografica.py,backend/routes/demanda_demografica.py,no,ACTIVO,
backend/dev_memory_engine.py,2,backend/routes/cube_inbox.py;backend/routes/subagents.py,backend/routes/cube_inbox.py;backend/routes/subagents.py,no,ACTIVO,
backend/diagnostic_engine.py,17,backend/mcp_tools.py;backend/probes/ai_integrations.py;backend/probes/batch15.py;backend/probes/batch17.py;backend/probes/cross_portal.py;backend/probes/engagement.py,backend/routes/diagnostic.py;backend/routes/recommendations.py;backend/routes/wizard.py,no,ACTIVO,
backend/director_agent_engine.py,5,backend/agent_workforce/nurturer.py;backend/mcp_tools.py;backend/routes/director.py;backend/server.py;backend/tests/wave4/test_director_agent_engine_unit.py,backend/routes/director.py;backend/server.py,no,ACTIVO,
backend/director_memory_engine.py,13,backend/agentic_crm/argumentario_engine.py;backend/atlax_engine.py;backend/briefing_engine.py;backend/cma_engine.py;backend/conversation_engine.py;backend/director_agent_engine.py,backend/routes/director_memory.py;backend/server.py,backend/rag_reindex_cron.py;backend/scheduler_ie.py,ACTIVO,
backend/dmx_indices_engine.py,7,backend/engines_hub.py;backend/price_context_engine.py;backend/routes/buy_signal.py;backend/routes/developer.py;backend/routes/dmx_indices.py;backend/terminal_celda.py,backend/routes/buy_signal.py;backend/routes/developer.py;backend/routes/dmx_indices.py,no,ACTIVO,
backend/drive_engine.py,5,backend/bulk_ingest_engine.py;backend/connector_registry.py;backend/routes/wizard.py;backend/scheduler_ie.py;backend/server.py,router propio,backend/scheduler_ie.py,ACTIVO,
backend/drpi_engine.py,8,backend/bulletins_engine.py;backend/engines_hub.py;backend/routes/bulletins.py;backend/routes/drpi.py;backend/routes/public_api_v1.py;backend/scheduler_ie.py,backend/routes/bulletins.py;backend/routes/drpi.py;backend/routes/public_api_v1.py,backend/scheduler_ie.py,ACTIVO,
backend/engine_present.py,1,backend/engines_hub.py,no,no,IMPORTADO,
backend/engines_batch_cubo.py,0,,no,no,HUÉRFANO?,
backend/engines_batch_demanda.py,0,,no,no,HUÉRFANO?,
backend/engines_batch_geo.py,0,,no,no,HUÉRFANO?,
backend/engines_batch_inversion.py,0,,no,no,HUÉRFANO?,
backend/engines_batch_valuacion.py,0,,no,no,HUÉRFANO?,
backend/engines_hub.py,1,backend/routes/superadmin_demand_intel.py,backend/routes/superadmin_demand_intel.py,no,ACTIVO,
backend/entity_resolution_cron.py,2,backend/routes/entity_resolution.py;backend/server.py,backend/routes/entity_resolution.py;backend/server.py,no,ACTIVO,
backend/entity_resolution_engine.py,5,backend/engines_batch_cubo.py;backend/entity_resolution_cron.py;backend/routes/entity_resolution.py;backend/server.py;backend/services/buyer_identity.py,backend/routes/entity_resolution.py;backend/server.py,backend/entity_resolution_cron.py,ACTIVO,
backend/estudio_autopiloto_engine.py,1,backend/routes/estudio_mercado.py,backend/routes/estudio_mercado.py,no,ACTIVO,
backend/estudio_mercado_engine.py,4,backend/engines_hub.py;backend/estudio_autopiloto_engine.py;backend/estudio_pdf_renderer.py;backend/routes/estudio_mercado.py,backend/routes/estudio_mercado.py,no,ACTIVO,
backend/external_insights_cron.py,1,backend/server.py,backend/server.py,no,ACTIVO,
backend/external_insights_engine.py,6,backend/asistente_engine.py;backend/engines_batch_cubo.py;backend/external_insights_cron.py;backend/intelligence_insights_engine.py;backend/routes/external_insights.py;backend/server.py,backend/routes/external_insights.py;backend/server.py,backend/external_insights_cron.py,ACTIVO,
backend/extraction_engine.py,5,backend/cross_check_engine.py;backend/dmx_atom_autofill.py;backend/document_intelligence.py;backend/routes/documents.py;backend/server.py,backend/routes/documents.py;backend/server.py,no,ACTIVO,
backend/facet_engine.py,10,backend/activacion.py;backend/compare_engine.py;backend/explorador.py;backend/heatmap_tension.py;backend/routes/superadmin_demand_intel.py;backend/sankey_sustitucion.py,backend/routes/superadmin_demand_intel.py,no,ACTIVO,
backend/feature_flags_engine.py,12,backend/asistente_engine.py;backend/dmx_plans.py;backend/feature_dependencies.py;backend/feature_gate_engine.py;backend/feature_legacy_adapter.py;backend/routes/feature_visibility.py,backend/routes/feature_visibility.py;backend/routes/superadmin_commercial.py;backend/server.py,no,ACTIVO,
backend/feature_gate_engine.py,8,backend/asistente_engine.py;backend/feature_legacy_adapter.py;backend/routes/dev_batch2.py;backend/routes/dev_batch7.py;backend/routes/dev_batch8.py;backend/routes/feature_visibility.py,backend/routes/dev_batch2.py;backend/routes/dev_batch7.py;backend/routes/dev_batch8.py,no,ACTIVO,
backend/fit_engine.py,6,backend/asistente_engine.py;backend/cerebro/executors.py;backend/engines_batch_demanda.py;backend/routes/comprador.py;backend/routes/fit.py;backend/server.py,backend/routes/comprador.py;backend/routes/fit.py;backend/server.py,no,ACTIVO,
backend/forecast_engine.py,17,backend/ai_suggestions.py;backend/asistente_engine.py;backend/buyer_coach_engine.py;backend/cerebro/executors.py;backend/cma_engine.py;backend/engines_hub.py,backend/routes/dev_insights_intel.py;backend/routes/forecast_public.py;backend/routes/location_intel.py,backend/forecast_retrain_cron.py,ACTIVO,
backend/forecast_retrain_cron.py,1,backend/server.py,backend/server.py,no,ACTIVO,
backend/fraud_detection_engine.py,4,backend/routes/fraud_detection.py;backend/scheduler_ie.py;backend/server.py;backend/tests/wave3/test_fraud_detection_engine_unit.py,backend/routes/fraud_detection.py;backend/server.py,backend/scheduler_ie.py,ACTIVO,
backend/free_audit_engine.py,3,backend/routes/free_audit.py;backend/server.py;backend/tests/wave4/test_free_audit_engine_unit.py,backend/routes/free_audit.py;backend/server.py,no,ACTIVO,
backend/fsd_engine.py,6,backend/avm_public_engine.py;backend/engines_batch_valuacion.py;backend/granularity_backfill.py;backend/probability_engine.py;backend/routes/dev_batch11.py;backend/server.py,backend/routes/dev_batch11.py;backend/server.py,no,ACTIVO,
backend/generador_producto_engine.py,5,backend/engines_hub.py;backend/estudio_mercado_engine.py;backend/routes/generador_producto.py;backend/routes/superadmin_founder_console.py;scripts/smoke_e2e.py,backend/routes/generador_producto.py;backend/routes/superadmin_founder_console.py,no,ACTIVO,
backend/gentrification_engine.py,1,backend/routes/gentrificacion.py,backend/routes/gentrificacion.py,no,ACTIVO,
backend/golden_calibration_engine.py,2,backend/engines_batch_valuacion.py;backend/routes/dmx_indices.py,backend/routes/dmx_indices.py,no,ACTIVO,
backend/gov_data_mx_cron.py,2,backend/routes/gov_data_mx.py;backend/server.py,backend/routes/gov_data_mx.py;backend/server.py,no,ACTIVO,
backend/gov_data_mx_engine.py,4,backend/asistente_engine.py;backend/engines_batch_geo.py;backend/routes/gov_data_mx.py;backend/server.py,backend/routes/gov_data_mx.py;backend/server.py,no,ACTIVO,
backend/grafo_comprador_engine.py,8,backend/engines_batch_demanda.py;backend/estudio_mercado_engine.py;backend/generador_producto_engine.py;backend/routes/grafo_comprador.py;backend/routes/public_api_v1.py;backend/terminal_celda.py,backend/routes/grafo_comprador.py;backend/routes/public_api_v1.py,no,ACTIVO,
backend/grid_engine.py,7,backend/auto_arquitecto.py;backend/entity_atlas.py;backend/lookalike.py;backend/routes/superadmin_demand_intel.py;backend/screener.py;backend/terminal_celda.py,backend/routes/superadmin_demand_intel.py,no,ACTIVO,
backend/hedonic_regression_engine.py,12,backend/avm_public_engine.py;backend/avm_retrain_cron.py;backend/drpi_engine.py;backend/engines_batch_valuacion.py;backend/free_audit_engine.py;backend/investment_simulator_engine.py,backend/routes/drpi.py;backend/routes/public_api_v1.py;backend/server.py,backend/avm_retrain_cron.py,ACTIVO,
backend/hook_predictor_engine.py,7,backend/asistente_engine.py;backend/cerebro/executors.py;backend/conversation_hook_predictor.py;backend/engines_batch_demanda.py;backend/routes/hook_predictor.py;backend/server.py,backend/routes/hook_predictor.py;backend/server.py,no,ACTIVO,
backend/house_pool_engine.py,4,backend/cerebro/executors.py;backend/lead_capture_marketplace_engine.py;backend/routes/house_leads.py;scripts/seed_house_asesores.py,backend/routes/house_leads.py,no,ACTIVO,
backend/insights_factcheck_engine.py,4,backend/conversation_kb_gaps_engine.py;backend/engines_batch_cubo.py;backend/routes/external_insights.py;backend/server.py,backend/routes/external_insights.py;backend/server.py,no,ACTIVO,
backend/intelligence_insights_engine.py,5,backend/engines_batch_cubo.py;backend/routes/superadmin_intelligence_hub.py;backend/scheduler_ie.py;backend/server.py;backend/tests/wave2/test_intelligence_insights_engine_unit.py,backend/routes/superadmin_intelligence_hub.py;backend/server.py,backend/scheduler_ie.py,ACTIVO,
backend/inversionista_engine.py,4,backend/engines_hub.py;backend/estudio_mercado_engine.py;backend/routes/advisor.py;backend/routes/estudio_mercado.py,backend/routes/advisor.py;backend/routes/estudio_mercado.py,no,ACTIVO,
backend/investment_simulator_engine.py,16,backend/asistente_engine.py;backend/atlax_blocks.py;backend/bancabilidad_engine.py;backend/cerebro/executors.py;backend/dmx_cube_feed.py;backend/engines_hub.py,backend/routes/insights.py;backend/routes/investment_simulator.py;backend/routes/location_intel.py,no,ACTIVO,
backend/kg_cron.py,1,backend/server.py,backend/server.py,no,ACTIVO,
backend/knowledge_graph_engine.py,11,backend/conversation_rag.py;backend/engines_batch_cubo.py;backend/kg_anomaly_detector.py;backend/kg_cron.py;backend/kg_etl.py;backend/kg_query_helper.py,backend/routes/dev_batch4_1.py;backend/routes/disputes.py;backend/routes/knowledge_graph.py,backend/kg_cron.py,ACTIVO,
backend/lead_capture_engine.py,5,backend/routes/agentic_crm.py;backend/routes/dev_batch4.py;backend/routes/landings.py;backend/routes/lead_capture.py;backend/server.py,backend/routes/agentic_crm.py;backend/routes/dev_batch4.py;backend/routes/landings.py,no,ACTIVO,
backend/lead_capture_marketplace_engine.py,3,backend/predictive_alerts_engine.py;backend/routes/lead_capture_marketplace.py;backend/server.py,backend/routes/lead_capture_marketplace.py;backend/server.py,no,ACTIVO,
backend/lead_enrichment_engine.py,5,backend/asistente_engine.py;backend/cerebro/executors.py;backend/conversation_lead_enrichment.py;backend/routes/lead_enrichment.py;backend/server.py,backend/routes/lead_enrichment.py;backend/server.py,no,ACTIVO,
backend/lead_journey_engine.py,14,backend/agentic_crm/disc_inferencer_engine.py;backend/agentic_crm/smart_routing_engine.py;backend/buyer_coach_engine.py;backend/engines_batch_demanda.py;backend/lead_capture_engine.py;backend/lead_nurture_engine.py,backend/routes/dev_batch4_2.py;backend/routes/lead_journey.py;backend/server.py,backend/scheduler_f02.py,ACTIVO,
backend/lead_nurture_engine.py,6,backend/auto_nurture_cron.py;backend/director_agent_engine.py;backend/routes/agentic_crm.py;backend/scheduler_ie.py;backend/server.py;backend/tests/wave4/test_lead_nurture_engine_unit.py,backend/routes/agentic_crm.py;backend/server.py,backend/auto_nurture_cron.py;backend/scheduler_ie.py,ACTIVO,
backend/liv_engine.py,1,backend/routes/dmx_indices.py,backend/routes/dmx_indices.py,no,ACTIVO,
backend/live_pulse_cron.py,2,backend/routes/live_pulse.py;backend/server.py,backend/routes/live_pulse.py;backend/server.py,no,ACTIVO,
backend/live_pulse_engine.py,7,backend/asistente_engine.py;backend/engines_hub.py;backend/investment_simulator_engine.py;backend/live_pulse_cron.py;backend/routes/developer.py;backend/routes/dmx_indices.py,backend/routes/developer.py;backend/routes/dmx_indices.py;backend/server.py,backend/live_pulse_cron.py,ACTIVO,
backend/lote_veredicto_engine.py,2,backend/engines_batch_inversion.py;backend/routes/dev_valor_residual.py,backend/routes/dev_valor_residual.py,no,ACTIVO,
backend/maps_cross_engine.py,7,backend/free_audit_engine.py;backend/investment_simulator_engine.py;backend/routes/maps_cross.py;backend/score_inversion_engine.py;backend/server.py;backend/state_of_cdmx_engine.py,backend/routes/maps_cross.py;backend/server.py,no,ACTIVO,
backend/maps_engine.py,4,backend/engines_batch_geo.py;backend/routes/maps.py;backend/server.py;backend/tests/wave4/test_maps_engine_unit.py,backend/routes/maps.py;backend/server.py,no,ACTIVO,
backend/market_estimate_engine.py,4,backend/avm_predios_engine.py;backend/colonia_valoracion_engine.py;backend/engines_hub.py;backend/routes/public.py,backend/routes/public.py,no,ACTIVO,
backend/market_rates_engine.py,5,backend/composite_metrics.py;backend/engines_hub.py;backend/metrics_cube_aggregations.py;backend/routes/public.py;backend/scheduler_ie.py,backend/routes/public.py,backend/scheduler_ie.py,ACTIVO,
backend/marketing_mcp_engine.py,3,backend/asistente_engine.py;backend/routes/marketing_mcp.py;backend/server.py,backend/routes/marketing_mcp.py;backend/server.py,no,ACTIVO,
backend/marketplace_templates_engine.py,3,backend/asistente_engine.py;backend/routes/marketplace_templates.py;backend/server.py,backend/routes/marketplace_templates.py;backend/server.py,no,ACTIVO,
backend/mcp_distribution_engine.py,3,backend/routes/mcp_distribution.py;backend/server.py;backend/tests/wave4/test_mcp_distribution_engine_unit.py,backend/routes/mcp_distribution.py;backend/server.py,no,ACTIVO,
backend/model_validation_engine.py,3,backend/data_lake_etl.py;backend/engines_batch_valuacion.py;backend/routes/superadmin_data_lake.py,backend/routes/superadmin_data_lake.py,no,ACTIVO,
backend/mood_engine.py,3,backend/engines_batch_demanda.py;backend/routes/mood.py;backend/server.py,backend/routes/mood.py;backend/server.py,no,ACTIVO,
backend/narrative_engine.py,5,backend/ai_suggestions.py;backend/briefing_engine.py;backend/buyer_coach_engine.py;backend/routes/advisor.py;backend/server.py,router propio,no,ACTIVO,
backend/narrative_layer_engine.py,8,backend/asistente_engine.py;backend/climate_migration_engine.py;backend/comparator_engine.py;backend/engines_batch_cubo.py;backend/lead_capture_marketplace_engine.py;backend/routes/narrative.py,backend/routes/narrative.py;backend/server.py,no,ACTIVO,
backend/natural_risk_engine.py,8,backend/atlax_blocks.py;backend/engines_hub.py;backend/predio_due_diligence_engine.py;backend/risk_score_engine.py;backend/routes/public.py;backend/scheduler_ie.py,backend/routes/public.py;backend/server.py,backend/scheduler_ie.py,ACTIVO,
backend/newsletter_pulse_engine.py,5,backend/engines_batch_cubo.py;backend/routes/newsletter.py;backend/scheduler_ie.py;backend/server.py;backend/tests/wave4/test_newsletter_pulse_engine_unit.py,backend/routes/newsletter.py;backend/server.py,backend/scheduler_ie.py,ACTIVO,
backend/norma3_engine.py,5,backend/demand_intelligence.py;backend/engines_batch_valuacion.py;backend/estudio_mercado_engine.py;backend/lote_veredicto_engine.py;backend/routes/dev_valor_residual.py,backend/routes/dev_valor_residual.py,no,ACTIVO,
backend/notifications_engine.py,32,backend/accuracy_engine.py;backend/asesor_digest_engine.py;backend/battle_card_cron.py;backend/buyer_score_cron.py;backend/churn_prediction_cron.py;backend/conversation_drift_detector.py,backend/routes/disputes.py;backend/routes/notifications.py;backend/server.py,backend/battle_card_cron.py;backend/buyer_score_cron.py;backend/churn_prediction_cron.py,ACTIVO,
backend/osm_engine.py,12,backend/asistente_engine.py;backend/colonias_catalog.py;backend/data_sources/__init__.py;backend/dmx_external_enrich.py;backend/engines_hub.py;backend/routes/data_sources.py,backend/routes/data_sources.py;backend/routes/location_intel.py;backend/routes/phase5_foundation.py,backend/zone_data_cron.py,ACTIVO,
backend/ownership_economics_engine.py,3,backend/amenidades_engine.py;backend/engines_hub.py;backend/routes/buy_signal.py,backend/routes/buy_signal.py,no,ACTIVO,
backend/parallax_engine.py,1,backend/routes/buyer_signals.py,backend/routes/buyer_signals.py,no,ACTIVO,
backend/perception_risk_engine.py,4,backend/crime_data_engine.py;backend/engines_hub.py;backend/risk_score_engine.py;backend/server.py,backend/server.py,no,ACTIVO,
backend/perfil_zona_engine.py,4,backend/engines_hub.py;backend/estudio_mercado_engine.py;backend/inversionista_engine.py;backend/routes/estudio_mercado.py,backend/routes/estudio_mercado.py,no,ACTIVO,
backend/pipeline_engine.py,10,backend/auto_nurture_cron.py;backend/pipeline_migration_script.py;backend/routes/dev_batch4.py;backend/routes/dev_batch4_2.py;backend/scheduler_ie.py;backend/server.py,backend/routes/dev_batch4.py;backend/routes/dev_batch4_2.py;backend/server.py,backend/auto_nurture_cron.py;backend/scheduler_ie.py,ACTIVO,
backend/plusvalia_grid_engine.py,2,backend/routes/plusvalia.py;scripts/seed_plusvalia_grid.py,backend/routes/plusvalia.py,no,ACTIVO,
backend/predictive_alerts_cron.py,1,backend/server.py,backend/server.py,no,ACTIVO,
backend/predictive_alerts_engine.py,4,backend/climate_migration_engine.py;backend/predictive_alerts_cron.py;backend/routes/predictive_alerts.py;backend/server.py,backend/routes/predictive_alerts.py;backend/server.py,backend/predictive_alerts_cron.py,ACTIVO,
backend/predio_due_diligence_engine.py,3,backend/engines_hub.py;backend/lote_veredicto_engine.py;backend/routes/dev_valor_residual.py,backend/routes/dev_valor_residual.py,no,ACTIVO,
backend/preferencias_engine.py,4,backend/engines_batch_demanda.py;backend/estudio_mercado_engine.py;backend/routes/estudio_mercado.py;backend/unidad_insights_engine.py,backend/routes/estudio_mercado.py,no,ACTIVO,
backend/price_context_engine.py,2,backend/engines_hub.py;backend/routes/buy_signal.py,backend/routes/buy_signal.py,no,ACTIVO,
backend/private_beta_engine.py,3,backend/routes/private_beta.py;backend/server.py;backend/tests/wave4/test_private_beta_engine_unit.py,backend/routes/private_beta.py;backend/server.py,no,ACTIVO,
backend/probability_cron.py,1,backend/server.py,backend/server.py,no,ACTIVO,
backend/probability_engine.py,6,backend/asistente_engine.py;backend/close_probability.py;backend/demand_intelligence.py;backend/probability_cron.py;backend/server.py;backend/unidad_biografia.py,router propio,backend/probability_cron.py,ACTIVO,
backend/project_wizard_engine.py,3,backend/asistente_engine.py;backend/routes/project_wizard.py;backend/server.py,backend/routes/project_wizard.py;backend/server.py,no,ACTIVO,
backend/rag_engine.py,9,backend/atlax_engine.py;backend/briefing_engine.py;backend/cerebro/lookalike.py;backend/rag_context_helper.py;backend/rag_reindex_cron.py;backend/reverse_search_engine.py,router propio,backend/rag_reindex_cron.py,ACTIVO,
backend/rag_reindex_cron.py,1,backend/server.py,backend/server.py,no,ACTIVO,
backend/reputation_monitor_cron.py,1,backend/server.py,backend/server.py,no,ACTIVO,
backend/reputation_monitor_engine.py,5,backend/asistente_engine.py;backend/engines_batch_inversion.py;backend/reputation_monitor_cron.py;backend/routes/reputation_monitor.py;backend/server.py,backend/routes/reputation_monitor.py;backend/server.py,backend/reputation_monitor_cron.py,ACTIVO,
backend/resend_engine.py,3,backend/conversation_channels/email.py;backend/routes/private_beta.py;backend/scheduler_f02.py,backend/routes/private_beta.py,backend/scheduler_f02.py,ACTIVO,
backend/reverse_search_engine.py,5,backend/asistente_engine.py;backend/engines_batch_demanda.py;backend/routes/perfil_recomendar.py;backend/routes/reverse_search.py;backend/server.py,backend/routes/perfil_recomendar.py;backend/routes/reverse_search.py;backend/server.py,no,ACTIVO,
backend/reviews_residents_cron.py,1,backend/server.py,backend/server.py,no,ACTIVO,
backend/reviews_residents_engine.py,5,backend/asistente_engine.py;backend/engines_batch_inversion.py;backend/reviews_residents_cron.py;backend/routes/reviews_residents.py;backend/server.py,backend/routes/reviews_residents.py;backend/server.py,backend/reviews_residents_cron.py,ACTIVO,
backend/risk_score_engine.py,11,backend/bancabilidad_engine.py;backend/cerebro/executors.py;backend/demand_intelligence.py;backend/engines_batch_geo.py;backend/routes/public_api_v1.py;backend/routes/risk_score.py,backend/routes/public_api_v1.py;backend/routes/risk_score.py;backend/server.py,backend/scheduler_ie.py,ACTIVO,
backend/score_engine.py,26,backend/cross_check_engine.py;backend/engines_batch_geo.py;backend/granularity_backfill.py;backend/granularity_registry.py;backend/recipe_catalog.py;backend/recipes/colonia/_helpers.py,backend/routes/press.py;backend/routes/public_zones.py;backend/routes/scores.py,backend/scheduler_ie.py,ACTIVO,
backend/score_inversion_engine.py,7,backend/demand_intelligence.py;backend/engines_hub.py;backend/investment_simulator_engine.py;backend/routes/score_inversion.py;backend/scheduler_f02.py;backend/server.py,backend/routes/score_inversion.py;backend/server.py,backend/scheduler_f02.py,ACTIVO,
backend/shf_engine.py,7,backend/colonia_valoracion_engine.py;backend/engines_hub.py;backend/gentrification_engine.py;backend/plusvalia_grid_engine.py;backend/routes/buy_signal.py;backend/routes/dev_batch2.py,backend/routes/buy_signal.py;backend/routes/dev_batch2.py;backend/routes/dmx_indices.py,no,ACTIVO,
backend/sig_catastro_engine.py,1,backend/routes/dmx_indices.py,backend/routes/dmx_indices.py,no,ACTIVO,
backend/simulador_palancas_engine.py,3,backend/demand_intelligence.py;backend/engines_batch_inversion.py;backend/routes/estudio_mercado.py,backend/routes/estudio_mercado.py,no,ACTIVO,
backend/smart_lists_engine.py,1,backend/routes/smart_lists.py,backend/routes/smart_lists.py,no,ACTIVO,
backend/soc_franchise_engine.py,4,backend/asistente_engine.py;backend/coaching_analysis.py;backend/routes/soc_franchise.py;backend/server.py,backend/routes/soc_franchise.py;backend/server.py,no,ACTIVO,
backend/social_ads_engine.py,3,backend/asistente_engine.py;backend/routes/social_ads.py;backend/server.py,backend/routes/social_ads.py;backend/server.py,no,ACTIVO,
backend/social_cards_engine.py,2,backend/routes/social_cards.py;backend/social_cards_cache.py,backend/routes/social_cards.py,no,ACTIVO,
backend/state_of_cdmx_engine.py,4,backend/engines_batch_geo.py;backend/routes/state_of_cdmx.py;backend/server.py;backend/tests/wave4/test_state_of_cdmx_engine_unit.py,backend/routes/state_of_cdmx.py;backend/server.py,no,ACTIVO,
backend/stripe_billing_engine.py,2,backend/routes/public_api_v1.py;backend/server.py,backend/routes/public_api_v1.py;backend/server.py,no,ACTIVO,
backend/studio_auto_content_cron.py,2,backend/routes/studio_auto_content.py;backend/server.py,backend/routes/studio_auto_content.py;backend/server.py,no,ACTIVO,
backend/studio_brand_kit_engine.py,2,backend/routes/studio_brand_kit.py;backend/server.py,backend/routes/studio_brand_kit.py;backend/server.py,no,ACTIVO,
backend/studio_buyer_copy_engine.py,3,backend/preferencias_engine.py;backend/routes/studio_buyer_copy.py;backend/server.py,backend/routes/studio_buyer_copy.py;backend/server.py,no,ACTIVO,
backend/studio_carrusel_ab_engine.py,1,backend/routes/studio_carrusel.py,backend/routes/studio_carrusel.py,no,ACTIVO,
backend/studio_carrusel_engine.py,3,backend/routes/studio_carrusel.py;backend/server.py;backend/studio_auto_content_cron.py,backend/routes/studio_carrusel.py;backend/server.py,backend/studio_auto_content_cron.py,ACTIVO,
backend/studio_engines.py,2,backend/routes/studio.py;backend/studio_video_providers.py,backend/routes/studio.py,no,ACTIVO,
backend/studio_hook_score_engine.py,2,backend/routes/studio_carrusel.py;backend/studio_carrusel_engine.py,backend/routes/studio_carrusel.py,no,ACTIVO,
backend/studio_landing_engine.py,2,backend/routes/studio_landing.py;backend/server.py,backend/routes/studio_landing.py;backend/server.py,no,ACTIVO,
backend/studio_video_engine.py,4,backend/asistente_engine.py;backend/routes/studio_video.py;backend/server.py;backend/video_standalone_engine.py,backend/routes/studio_video.py;backend/server.py,no,ACTIVO,
backend/tax_projector_engine.py,6,backend/asistente_engine.py;backend/comparator_engine.py;backend/engines_batch_inversion.py;backend/lead_capture_marketplace_engine.py;backend/narrative_collector.py;backend/routes/tax_projector.py,backend/routes/tax_projector.py,no,ACTIVO,
backend/terminal_mercado_engine.py,4,backend/engines_hub.py;backend/routes/public_api_v1.py;backend/routes/terminal_mercado.py;backend/scheduler_ie.py,backend/routes/public_api_v1.py;backend/routes/terminal_mercado.py,backend/scheduler_ie.py,ACTIVO,
backend/tour_3dgs_engine.py,3,backend/routes/tour_3dgs.py;backend/server.py;backend/tests/wave4/test_tour_3dgs_engine_unit.py,backend/routes/tour_3dgs.py;backend/server.py,no,ACTIVO,
backend/transaction_network_engine.py,9,backend/cerebro/coach.py;backend/engines_batch_cubo.py;backend/routes/advisor.py;backend/routes/dev_batch4.py;backend/routes/transaction_network.py;backend/scheduler_ie.py,backend/routes/advisor.py;backend/routes/dev_batch4.py;backend/routes/transaction_network.py,backend/scheduler_ie.py,ACTIVO,
backend/trial_expiry_cron.py,4,backend/routes/superadmin_commercial.py;backend/scheduler_ie.py;backend/server.py;backend/tests/wave2/test_trial_expiry_cron_unit.py,backend/routes/superadmin_commercial.py;backend/server.py,backend/scheduler_ie.py;backend/tests/wave2/test_trial_expiry_cron_unit.py,ACTIVO,
backend/unidad_insights_engine.py,2,backend/engines_batch_inversion.py;backend/routes/dev_batch11.py,backend/routes/dev_batch11.py,no,ACTIVO,
backend/valor_residual_engine.py,7,backend/demand_intelligence.py;backend/engines_batch_valuacion.py;backend/generador_producto_engine.py;backend/golden_calibration_engine.py;backend/lote_veredicto_engine.py;backend/norma3_engine.py,backend/routes/dev_valor_residual.py,no,ACTIVO,
backend/valores_unitarios_engine.py,3,backend/engines_hub.py;backend/routes/dev_batch11.py;backend/routes/dmx_indices.py,backend/routes/dev_batch11.py;backend/routes/dmx_indices.py,no,ACTIVO,
backend/vertical_products_engine.py,5,backend/inversionista_engine.py;backend/investment_simulator_engine.py;backend/routes/vertical_products.py;backend/server.py;backend/tests/wave3/test_vertical_products_engine_unit.py,backend/routes/vertical_products.py;backend/server.py,no,ACTIVO,
backend/video_standalone_engine.py,3,backend/asistente_engine.py;backend/routes/video_standalone.py;backend/server.py,backend/routes/video_standalone.py;backend/server.py,no,ACTIVO,
backend/virtual_staging_engine.py,2,backend/routes/virtual_staging.py;backend/server.py,backend/routes/virtual_staging.py;backend/server.py,no,ACTIVO,
backend/voice_atlax_engine.py,4,backend/routes/advisor.py;backend/routes/voice.py;backend/server.py;backend/tests/wave4/test_voice_atlax_engine_unit.py,backend/routes/advisor.py;backend/routes/voice.py;backend/server.py,no,ACTIVO,
backend/whatif_engine.py,5,backend/director_agent_engine.py;backend/mcp_tools.py;backend/routes/dev_sales_intel.py;backend/routes/whatif.py;backend/server.py,backend/routes/dev_sales_intel.py;backend/routes/whatif.py;backend/server.py,no,ACTIVO,
backend/whatsapp_engine.py,10,backend/asesor_digest_engine.py;backend/auto_pilot_engine.py;backend/lead_nurture_engine.py;backend/routes/advisor.py;backend/routes/whatsapp.py;backend/routes/whatsapp_copiloto.py,backend/routes/advisor.py;backend/routes/whatsapp.py;backend/routes/whatsapp_copiloto.py,backend/scheduler_ie.py,ACTIVO,
backend/widget_embed_cron.py,1,backend/server.py,backend/server.py,no,ACTIVO,
backend/workflow_engine.py,6,backend/conversation_workflow_bridge.py;backend/marketplace_templates_engine.py;backend/routes/workflows.py;backend/server.py;backend/tests/test_workflow_isolation_b56.py;backend/workflow_queue.py,backend/routes/workflows.py;backend/server.py,no,ACTIVO,
backend/zone_cycle_engine.py,9,backend/demand_intelligence.py;backend/dmx_indices_engine.py;backend/engines_batch_geo.py;backend/ownership_economics_engine.py;backend/perfil_zona_engine.py;backend/routes/buy_signal.py,backend/routes/buy_signal.py;backend/routes/developer.py;backend/routes/public.py,no,ACTIVO,
backend/zone_data_cron.py,2,backend/routes/dmx_indices.py;backend/server.py,backend/routes/dmx_indices.py;backend/server.py,no,ACTIVO,
backend/zone_score_engine.py,23,backend/asistente_engine.py;backend/buyer_coach_engine.py;backend/cma_engine.py;backend/demand_intelligence.py;backend/dmx_cube_feed.py;backend/engines_hub.py,backend/routes/bulletins.py;backend/routes/phase5_foundation.py;backend/routes/public.py,backend/scheduler_ie.py,ACTIVO,
backend/zone_subscores_cron.py,1,backend/server.py,backend/server.py,no,ACTIVO,
