id_global,num_en_bloque,seccion,bloque,feature,estado,evidencia_backend,evidencia_frontend,tests,nota
1,1,SECCIÓN A — FOUNDER CATALOG (600),D1 — Inventario tiempo real,"CRUD proyectos (alta, edición, archivar, duplicar)",,,,,
2,2,SECCIÓN A — FOUNDER CATALOG (600),D1 — Inventario tiempo real,Bulk upload unidades vía Excel/CSV,,,,,
3,3,SECCIÓN A — FOUNDER CATALOG (600),D1 — Inventario tiempo real,"Estatus por unidad (Disponible, Apartado, Reservado, Vendido, Bloqueado)",,,,,
4,4,SECCIÓN A — FOUNDER CATALOG (600),D1 — Inventario tiempo real,"Esquemas de pago configurables (lista, 10/25/50/75% u otros)",,,,,
5,5,SECCIÓN A — FOUNDER CATALOG (600),D1 — Inventario tiempo real,Brochures por proyecto multi-archivo y versionado,,,,,
6,6,SECCIÓN A — FOUNDER CATALOG (600),D1 — Inventario tiempo real,Planos por tipo de unidad descargables,,,,,
7,7,SECCIÓN A — FOUNDER CATALOG (600),D1 — Inventario tiempo real,Datos bancarios pre-cargados (múltiples cuentas),,,,,
8,8,SECCIÓN A — FOUNDER CATALOG (600),D1 — Inventario tiempo real,Galería fotos del proyecto con orden manual,,,,,
9,9,SECCIÓN A — FOUNDER CATALOG (600),D1 — Inventario tiempo real,Tour virtual 360° por modelo de unidad,,,,,
10,10,SECCIÓN A — FOUNDER CATALOG (600),D1 — Inventario tiempo real,"Amenidades estructuradas con íconos (gym, alberca, roof garden)",,,,,
11,11,SECCIÓN A — FOUNDER CATALOG (600),D1 — Inventario tiempo real,"Tipos de unidad (recámaras, baños, m² constr/terraza, orientación, vista)",,,,,
12,12,SECCIÓN A — FOUNDER CATALOG (600),D1 — Inventario tiempo real,Geolocalización con mapa interactivo,,,,,
13,13,SECCIÓN A — FOUNDER CATALOG (600),D1 — Inventario tiempo real,"Fechas clave (inicio obra, entrega, escrituración)",,,,,
14,14,SECCIÓN A — FOUNDER CATALOG (600),D1 — Inventario tiempo real,Avance de obra mensual (foto + porcentaje + narrativa IA),,,,,
15,15,SECCIÓN A — FOUNDER CATALOG (600),D1 — Inventario tiempo real,"Permisos y certificados públicos (uso de suelo, manifestación)",,,,,
16,16,SECCIÓN A — FOUNDER CATALOG (600),D1 — Inventario tiempo real,Bloqueo temporal de unidad (apartado caduca X días),,,,,
17,17,SECCIÓN A — FOUNDER CATALOG (600),D1 — Inventario tiempo real,Histórico de cambios de precio por unidad,,,,,
18,18,SECCIÓN A — FOUNDER CATALOG (600),D1 — Inventario tiempo real,Histórico de cambios de estatus por unidad,,,,,
19,19,SECCIÓN A — FOUNDER CATALOG (600),D1 — Inventario tiempo real,"Roles internos del developer (admin, comercial, obras, marketing)",,,,,
20,20,SECCIÓN A — FOUNDER CATALOG (600),D1 — Inventario tiempo real,API/webhook para sincronizar con ERP existente,,,,,
21,1,SECCIÓN A — FOUNDER CATALOG (600),D2 — Dashboard absorción,Unidades vendidas por mes/trimestre/año,,,,,
22,2,SECCIÓN A — FOUNDER CATALOG (600),D2 — Dashboard absorción,Velocidad de venta (días promedio para vender una unidad),,,,,
23,3,SECCIÓN A — FOUNDER CATALOG (600),D2 — Dashboard absorción,Tendencia 6/12/24 meses,,,,,
24,4,SECCIÓN A — FOUNDER CATALOG (600),D2 — Dashboard absorción,Proyección IA cierre de inventario,,,,,
25,5,SECCIÓN A — FOUNDER CATALOG (600),D2 — Dashboard absorción,Comparativa vs proyectos pasados del mismo developer,,,,,
26,6,SECCIÓN A — FOUNDER CATALOG (600),D2 — Dashboard absorción,Comparativa vs benchmark de la zona,,,,,
27,7,SECCIÓN A — FOUNDER CATALOG (600),D2 — Dashboard absorción,Filtro por tipo de unidad (cuáles se venden más rápido),,,,,
28,8,SECCIÓN A — FOUNDER CATALOG (600),D2 — Dashboard absorción,Filtro por rango de precio,,,,,
29,9,SECCIÓN A — FOUNDER CATALOG (600),D2 — Dashboard absorción,Tasa conversión visita-a-reserva,,,,,
30,10,SECCIÓN A — FOUNDER CATALOG (600),D2 — Dashboard absorción,Tasa conversión reserva-a-contrato,,,,,
31,11,SECCIÓN A — FOUNDER CATALOG (600),D2 — Dashboard absorción,Tasa conversión contrato-a-escrituración,,,,,
32,12,SECCIÓN A — FOUNDER CATALOG (600),D2 — Dashboard absorción,Cohort analysis (cuándo entran leads vs cuándo cierran),,,,,
33,13,SECCIÓN A — FOUNDER CATALOG (600),D2 — Dashboard absorción,Heatmap calendario (qué semanas/meses son más fuertes),,,,,
34,14,SECCIÓN A — FOUNDER CATALOG (600),D2 — Dashboard absorción,Stock por torre/piso/orientación,,,,,
35,15,SECCIÓN A — FOUNDER CATALOG (600),D2 — Dashboard absorción,Alerta cuando ritmo cae bajo umbral,,,,,
36,16,SECCIÓN A — FOUNDER CATALOG (600),D2 — Dashboard absorción,Dashboard descargable PDF/Excel,,,,,
37,17,SECCIÓN A — FOUNDER CATALOG (600),D2 — Dashboard absorción,Vista comparativa multi-proyecto,,,,,
38,18,SECCIÓN A — FOUNDER CATALOG (600),D2 — Dashboard absorción,Win/loss analysis (por qué no cerraron leads),,,,,
39,19,SECCIÓN A — FOUNDER CATALOG (600),D2 — Dashboard absorción,Forecast vs actual con varianza,,,,,
40,20,SECCIÓN A — FOUNDER CATALOG (600),D2 — Dashboard absorción,Notificación push semanal del resumen,,,,,
41,1,SECCIÓN A — FOUNDER CATALOG (600),D3 — Competitor Radar,Mapa con todos los competidores en radio configurable,,,,,
42,2,SECCIÓN A — FOUNDER CATALOG (600),D3 — Competitor Radar,Lista con precio promedio por m² de cada uno,,,,,
43,3,SECCIÓN A — FOUNDER CATALOG (600),D3 — Competitor Radar,Estimación de absorción de cada competidor,,,,,
44,4,SECCIÓN A — FOUNDER CATALOG (600),D3 — Competitor Radar,Comparativa side-by-side tu proyecto vs top 3,,,,,
45,5,SECCIÓN A — FOUNDER CATALOG (600),D3 — Competitor Radar,"Filtro por tipo (vertical, horizontal, mixto)",,,,,
46,6,SECCIÓN A — FOUNDER CATALOG (600),D3 — Competitor Radar,"Filtro por etapa (preventa, en construcción, entrega)",,,,,
47,7,SECCIÓN A — FOUNDER CATALOG (600),D3 — Competitor Radar,Alerta cuando competidor lanza nuevo proyecto en tu zona,,,,,
48,8,SECCIÓN A — FOUNDER CATALOG (600),D3 — Competitor Radar,Alerta cuando competidor baja precio,,,,,
49,9,SECCIÓN A — FOUNDER CATALOG (600),D3 — Competitor Radar,Histórico precios competidor (12 meses),,,,,
50,10,SECCIÓN A — FOUNDER CATALOG (600),D3 — Competitor Radar,Análisis mix de unidades del competidor,,,,,
51,11,SECCIÓN A — FOUNDER CATALOG (600),D3 — Competitor Radar,Análisis amenidades del competidor (qué tienen que tú no),,,,,
52,12,SECCIÓN A — FOUNDER CATALOG (600),D3 — Competitor Radar,Reseñas/ratings públicos del developer competidor,,,,,
53,13,SECCIÓN A — FOUNDER CATALOG (600),D3 — Competitor Radar,Backlog estimado de inventario del competidor,,,,,
54,14,SECCIÓN A — FOUNDER CATALOG (600),D3 — Competitor Radar,Mapeo de canales del competidor (qué portales usa),,,,,
55,15,SECCIÓN A — FOUNDER CATALOG (600),D3 — Competitor Radar,Recortes de prensa del competidor,,,,,
56,16,SECCIÓN A — FOUNDER CATALOG (600),D3 — Competitor Radar,Eventos / open houses del competidor,,,,,
57,17,SECCIÓN A — FOUNDER CATALOG (600),D3 — Competitor Radar,Tasa de venta estimada del competidor,,,,,
58,18,SECCIÓN A — FOUNDER CATALOG (600),D3 — Competitor Radar,SEO/SEM presence (¿anuncian Google? ¿LinkedIn?),,,,,
59,19,SECCIÓN A — FOUNDER CATALOG (600),D3 — Competitor Radar,Reporte ejecutivo trimestral comparativo IA,,,,,
60,20,SECCIÓN A — FOUNDER CATALOG (600),D3 — Competitor Radar,Exportar comparativa como deck para CEO,,,,,
61,1,SECCIÓN A — FOUNDER CATALOG (600),D4 — Dynamic Pricing AI,Sugerencia de precio por unidad individual,,,,,
62,2,SECCIÓN A — FOUNDER CATALOG (600),D4 — Dynamic Pricing AI,Sugerencia de precio por tipo de unidad,,,,,
63,3,SECCIÓN A — FOUNDER CATALOG (600),D4 — Dynamic Pricing AI,Sugerencia de precio por torre/etapa,,,,,
64,4,SECCIÓN A — FOUNDER CATALOG (600),D4 — Dynamic Pricing AI,Razonamiento explícito (por qué subir/bajar),,,,,
65,5,SECCIÓN A — FOUNDER CATALOG (600),D4 — Dynamic Pricing AI,Histórico de aceptación de sugerencias,,,,,
66,6,SECCIÓN A — FOUNDER CATALOG (600),D4 — Dynamic Pricing AI,A/B test de precios (mismo modelo a 2 precios),,,,,
67,7,SECCIÓN A — FOUNDER CATALOG (600),D4 — Dynamic Pricing AI,Elasticidad estimada por unidad,,,,,
68,8,SECCIÓN A — FOUNDER CATALOG (600),D4 — Dynamic Pricing AI,Trigger de demanda (X visitas en Y días → sube precio),,,,,
69,9,SECCIÓN A — FOUNDER CATALOG (600),D4 — Dynamic Pricing AI,Trigger de oferta (Y días sin cierre → baja precio),,,,,
70,10,SECCIÓN A — FOUNDER CATALOG (600),D4 — Dynamic Pricing AI,Sensibilidad por canal (asesor vs directo),,,,,
71,11,SECCIÓN A — FOUNDER CATALOG (600),D4 — Dynamic Pricing AI,Discount calculator (descuento máximo recomendado),,,,,
72,12,SECCIÓN A — FOUNDER CATALOG (600),D4 — Dynamic Pricing AI,Bundle pricing (2 unidades juntas),,,,,
73,13,SECCIÓN A — FOUNDER CATALOG (600),D4 — Dynamic Pricing AI,Esquema descuento por pronto pago,,,,,
74,14,SECCIÓN A — FOUNDER CATALOG (600),D4 — Dynamic Pricing AI,Calendario de subidas programadas,,,,,
75,15,SECCIÓN A — FOUNDER CATALOG (600),D4 — Dynamic Pricing AI,Ajuste por temporada (high-low),,,,,
76,16,SECCIÓN A — FOUNDER CATALOG (600),D4 — Dynamic Pricing AI,"Ajuste por evento (lanzamiento, cierre etapa)",,,,,
77,17,SECCIÓN A — FOUNDER CATALOG (600),D4 — Dynamic Pricing AI,Aprobación manual director comercial antes de aplicar,,,,,
78,18,SECCIÓN A — FOUNDER CATALOG (600),D4 — Dynamic Pricing AI,Audit trail de cada cambio aplicado,,,,,
79,19,SECCIÓN A — FOUNDER CATALOG (600),D4 — Dynamic Pricing AI,Reporte ROI del feature (cuánto facturó extra),,,,,
80,20,SECCIÓN A — FOUNDER CATALOG (600),D4 — Dynamic Pricing AI,Integración con landings dinámicas,,,,,
81,1,SECCIÓN A — FOUNDER CATALOG (600),D5 — IE Score por proyecto,Score 0-100 vs colonia,,,,,
82,2,SECCIÓN A — FOUNDER CATALOG (600),D5 — IE Score por proyecto,Score 0-100 vs ciudad,,,,,
83,3,SECCIÓN A — FOUNDER CATALOG (600),D5 — IE Score por proyecto,Score 0-100 vs benchmark nacional,,,,,
84,4,SECCIÓN A — FOUNDER CATALOG (600),D5 — IE Score por proyecto,"Desglose por dimensión (precio, ubicación, amenidades, marca, absorción)",,,,,
85,5,SECCIÓN A — FOUNDER CATALOG (600),D5 — IE Score por proyecto,Trust Score del developer (basado en historial),,,,,
86,6,SECCIÓN A — FOUNDER CATALOG (600),D5 — IE Score por proyecto,"Score climático (riesgo inundación, sismo, isla calor)",,,,,
87,7,SECCIÓN A — FOUNDER CATALOG (600),D5 — IE Score por proyecto,"Score conectividad (transporte, vialidades, fibra)",,,,,
88,8,SECCIÓN A — FOUNDER CATALOG (600),D5 — IE Score por proyecto,Score educación (escuelas en radio),,,,,
89,9,SECCIÓN A — FOUNDER CATALOG (600),D5 — IE Score por proyecto,Score salud (hospitales en radio),,,,,
90,10,SECCIÓN A — FOUNDER CATALOG (600),D5 — IE Score por proyecto,"Score cultural (museos, parques, vida nocturna)",,,,,
91,11,SECCIÓN A — FOUNDER CATALOG (600),D5 — IE Score por proyecto,Score seguridad (datos públicos delitos colonia),,,,,
92,12,SECCIÓN A — FOUNDER CATALOG (600),D5 — IE Score por proyecto,Score plusvalía histórica + proyectada,,,,,
93,13,SECCIÓN A — FOUNDER CATALOG (600),D5 — IE Score por proyecto,Score liquidez (qué tan rápido se vende usado en la colonia),,,,,
94,14,SECCIÓN A — FOUNDER CATALOG (600),D5 — IE Score por proyecto,Score ROI renta tradicional,,,,,
95,15,SECCIÓN A — FOUNDER CATALOG (600),D5 — IE Score por proyecto,Score ROI renta corta (Airbnb / AirROI),,,,,
96,16,SECCIÓN A — FOUNDER CATALOG (600),D5 — IE Score por proyecto,Comparativa con 5 proyectos similares,,,,,
97,17,SECCIÓN A — FOUNDER CATALOG (600),D5 — IE Score por proyecto,"Badge público ""Top IE Score colonia"" si aplica",,,,,
98,18,SECCIÓN A — FOUNDER CATALOG (600),D5 — IE Score por proyecto,Sello visible en marketplace,,,,,
99,19,SECCIÓN A — FOUNDER CATALOG (600),D5 — IE Score por proyecto,Snapshot histórico mensual del score,,,,,
100,20,SECCIÓN A — FOUNDER CATALOG (600),D5 — IE Score por proyecto,Reporte detallado descargable IA,,,,,
101,1,SECCIÓN A — FOUNDER CATALOG (600),D6 — Demand Heatmap,Mapa de calor de búsquedas por colonia,,,,,
102,2,SECCIÓN A — FOUNDER CATALOG (600),D6 — Demand Heatmap,Filtro por rango de precio buscado,,,,,
103,3,SECCIÓN A — FOUNDER CATALOG (600),D6 — Demand Heatmap,Filtro por tipo de unidad buscado,,,,,
104,4,SECCIÓN A — FOUNDER CATALOG (600),D6 — Demand Heatmap,"Filtro por amenidad buscada (alberca, gym, pet-friendly)",,,,,
105,5,SECCIÓN A — FOUNDER CATALOG (600),D6 — Demand Heatmap,"Filtro por intención (primer hogar, inversión, segunda residencia)",,,,,
106,6,SECCIÓN A — FOUNDER CATALOG (600),D6 — Demand Heatmap,Top 10 queries IA más buscadas (texto libre),,,,,
107,7,SECCIÓN A — FOUNDER CATALOG (600),D6 — Demand Heatmap,Demanda no atendida (búsquedas sin match en inventario),,,,,
108,8,SECCIÓN A — FOUNDER CATALOG (600),D6 — Demand Heatmap,Demanda creciente (qué subió 30% mes a mes),,,,,
109,9,SECCIÓN A — FOUNDER CATALOG (600),D6 — Demand Heatmap,Demanda estacional (qué se busca en qué mes),,,,,
110,10,SECCIÓN A — FOUNDER CATALOG (600),D6 — Demand Heatmap,Origen geográfico de los buscadores,,,,,
111,11,SECCIÓN A — FOUNDER CATALOG (600),D6 — Demand Heatmap,Demografía estimada de los buscadores (rango edad opt-in),,,,,
112,12,SECCIÓN A — FOUNDER CATALOG (600),D6 — Demand Heatmap,Tiempo promedio búsqueda hasta cierre,,,,,
113,13,SECCIÓN A — FOUNDER CATALOG (600),D6 — Demand Heatmap,Funnel búsqueda (impresión → click → ficha → contacto),,,,,
114,14,SECCIÓN A — FOUNDER CATALOG (600),D6 — Demand Heatmap,"Lift por canal (orgánico, asesor, ads, referrer)",,,,,
115,15,SECCIÓN A — FOUNDER CATALOG (600),D6 — Demand Heatmap,Comparativa demanda zona vs supply,,,,,
116,16,SECCIÓN A — FOUNDER CATALOG (600),D6 — Demand Heatmap,Predicción IA demanda 30/60/90 días,,,,,
117,17,SECCIÓN A — FOUNDER CATALOG (600),D6 — Demand Heatmap,Alertas oportunidad (X demanda no atendida en Y zona),,,,,
118,18,SECCIÓN A — FOUNDER CATALOG (600),D6 — Demand Heatmap,Exportar heatmap como GeoJSON,,,,,
119,19,SECCIÓN A — FOUNDER CATALOG (600),D6 — Demand Heatmap,Insights narrados IA mensuales,,,,,
120,20,SECCIÓN A — FOUNDER CATALOG (600),D6 — Demand Heatmap,Ocultar tu propio inventario para ver demanda neta,,,,,
121,1,SECCIÓN A — FOUNDER CATALOG (600),D7 — Lead pipeline cross-channel,Lista unificada de leads de todos los canales,,,,,
122,2,SECCIÓN A — FOUNDER CATALOG (600),D7 — Lead pipeline cross-channel,Tagging automático por canal de origen,,,,,
123,3,SECCIÓN A — FOUNDER CATALOG (600),D7 — Lead pipeline cross-channel,Scoring IA del lead (0-100 probabilidad cierre),,,,,
124,4,SECCIÓN A — FOUNDER CATALOG (600),D7 — Lead pipeline cross-channel,Asignación automática a asesor,,,,,
125,5,SECCIÓN A — FOUNDER CATALOG (600),D7 — Lead pipeline cross-channel,Reasignación manual por admin,,,,,
126,6,SECCIÓN A — FOUNDER CATALOG (600),D7 — Lead pipeline cross-channel,Etapas configurables del pipeline,,,,,
127,7,SECCIÓN A — FOUNDER CATALOG (600),D7 — Lead pipeline cross-channel,Notas y archivos por lead,,,,,
128,8,SECCIÓN A — FOUNDER CATALOG (600),D7 — Lead pipeline cross-channel,Histórico de interacciones,,,,,
129,9,SECCIÓN A — FOUNDER CATALOG (600),D7 — Lead pipeline cross-channel,Tareas y recordatorios por lead,,,,,
130,10,SECCIÓN A — FOUNDER CATALOG (600),D7 — Lead pipeline cross-channel,Integración WhatsApp (mensajes auto-loggeados),,,,,
131,11,SECCIÓN A — FOUNDER CATALOG (600),D7 — Lead pipeline cross-channel,"Email tracking (abrió, hizo click)",,,,,
132,12,SECCIÓN A — FOUNDER CATALOG (600),D7 — Lead pipeline cross-channel,Llamadas registradas (manual),,,,,
133,13,SECCIÓN A — FOUNDER CATALOG (600),D7 — Lead pipeline cross-channel,Conversion tracking lead → cita → reserva,,,,,
134,14,SECCIÓN A — FOUNDER CATALOG (600),D7 — Lead pipeline cross-channel,Time-in-stage (cuánto lleva atorado),,,,,
135,15,SECCIÓN A — FOUNDER CATALOG (600),D7 — Lead pipeline cross-channel,Alertas de leads en frío,,,,,
136,16,SECCIÓN A — FOUNDER CATALOG (600),D7 — Lead pipeline cross-channel,Bulk actions (cambio etapa masivo),,,,,
137,17,SECCIÓN A — FOUNDER CATALOG (600),D7 — Lead pipeline cross-channel,Filtros y vistas guardadas,,,,,
138,18,SECCIÓN A — FOUNDER CATALOG (600),D7 — Lead pipeline cross-channel,Reporte de conversión por canal,,,,,
139,19,SECCIÓN A — FOUNDER CATALOG (600),D7 — Lead pipeline cross-channel,Reporte productividad por asesor,,,,,
140,20,SECCIÓN A — FOUNDER CATALOG (600),D7 — Lead pipeline cross-channel,Exportar CSV / integración Pipedrive/HubSpot,,,,,
141,1,SECCIÓN A — FOUNDER CATALOG (600),D8 — Engagement analytics por unidad,Vistas únicas por unidad,,,,,
142,2,SECCIÓN A — FOUNDER CATALOG (600),D8 — Engagement analytics por unidad,Vistas totales (incluye revisitas),,,,,
143,3,SECCIÓN A — FOUNDER CATALOG (600),D8 — Engagement analytics por unidad,Tiempo promedio en ficha,,,,,
144,4,SECCIÓN A — FOUNDER CATALOG (600),D8 — Engagement analytics por unidad,Scroll depth (qué tanto leen),,,,,
145,5,SECCIÓN A — FOUNDER CATALOG (600),D8 — Engagement analytics por unidad,Click en galería (qué fotos miran más),,,,,
146,6,SECCIÓN A — FOUNDER CATALOG (600),D8 — Engagement analytics por unidad,Click en plano,,,,,
147,7,SECCIÓN A — FOUNDER CATALOG (600),D8 — Engagement analytics por unidad,Click en brochure,,,,,
148,8,SECCIÓN A — FOUNDER CATALOG (600),D8 — Engagement analytics por unidad,Tour virtual completion rate,,,,,
149,9,SECCIÓN A — FOUNDER CATALOG (600),D8 — Engagement analytics por unidad,Comparaciones (con qué otras unidades la comparan),,,,,
150,10,SECCIÓN A — FOUNDER CATALOG (600),D8 — Engagement analytics por unidad,Compartidos (cuántas veces compartieron link),,,,,
151,11,SECCIÓN A — FOUNDER CATALOG (600),D8 — Engagement analytics por unidad,Saves / favoritos,,,,,
152,12,SECCIÓN A — FOUNDER CATALOG (600),D8 — Engagement analytics por unidad,Mapa de calor del scroll,,,,,
153,13,SECCIÓN A — FOUNDER CATALOG (600),D8 — Engagement analytics por unidad,Funnel ficha → contacto,,,,,
154,14,SECCIÓN A — FOUNDER CATALOG (600),D8 — Engagement analytics por unidad,Sources (de dónde vienen visitantes),,,,,
155,15,SECCIÓN A — FOUNDER CATALOG (600),D8 — Engagement analytics por unidad,Devices (mobile vs desktop),,,,,
156,16,SECCIÓN A — FOUNDER CATALOG (600),D8 — Engagement analytics por unidad,Geolocalización del visitante,,,,,
157,17,SECCIÓN A — FOUNDER CATALOG (600),D8 — Engagement analytics por unidad,Frecuencia (visitantes recurrentes),,,,,
158,18,SECCIÓN A — FOUNDER CATALOG (600),D8 — Engagement analytics por unidad,Segmento (asesor vs comprador directo),,,,,
159,19,SECCIÓN A — FOUNDER CATALOG (600),D8 — Engagement analytics por unidad,Conversion lift al cambiar foto/precio,,,,,
160,20,SECCIÓN A — FOUNDER CATALOG (600),D8 — Engagement analytics por unidad,Reporte ejecutivo unidad-por-unidad,,,,,
161,1,SECCIÓN A — FOUNDER CATALOG (600),D9 — Reporte mensual narrado IA,Resumen ejecutivo en 1 párrafo,,,,,
162,2,SECCIÓN A — FOUNDER CATALOG (600),D9 — Reporte mensual narrado IA,Top 3 wins del mes,,,,,
163,3,SECCIÓN A — FOUNDER CATALOG (600),D9 — Reporte mensual narrado IA,Top 3 alertas / áreas de mejora,,,,,
164,4,SECCIÓN A — FOUNDER CATALOG (600),D9 — Reporte mensual narrado IA,Comparativa vs mes anterior,,,,,
165,5,SECCIÓN A — FOUNDER CATALOG (600),D9 — Reporte mensual narrado IA,Comparativa vs mismo mes año pasado,,,,,
166,6,SECCIÓN A — FOUNDER CATALOG (600),D9 — Reporte mensual narrado IA,Forecast del próximo mes,,,,,
167,7,SECCIÓN A — FOUNDER CATALOG (600),D9 — Reporte mensual narrado IA,Insights de competencia,,,,,
168,8,SECCIÓN A — FOUNDER CATALOG (600),D9 — Reporte mensual narrado IA,Insights de demanda,,,,,
169,9,SECCIÓN A — FOUNDER CATALOG (600),D9 — Reporte mensual narrado IA,"Cifras clave (absorción, leads, conversión, precio promedio)",,,,,
170,10,SECCIÓN A — FOUNDER CATALOG (600),D9 — Reporte mensual narrado IA,Gráficas embebidas,,,,,
171,11,SECCIÓN A — FOUNDER CATALOG (600),D9 — Reporte mensual narrado IA,Recomendaciones IA accionables,,,,,
172,12,SECCIÓN A — FOUNDER CATALOG (600),D9 — Reporte mensual narrado IA,Quotes / testimonios de clientes,,,,,
173,13,SECCIÓN A — FOUNDER CATALOG (600),D9 — Reporte mensual narrado IA,Logros del equipo (asesores top),,,,,
174,14,SECCIÓN A — FOUNDER CATALOG (600),D9 — Reporte mensual narrado IA,Sección obras (avance vs plan),,,,,
175,15,SECCIÓN A — FOUNDER CATALOG (600),D9 — Reporte mensual narrado IA,"Sección financiera (ingresos por mes, pendientes)",,,,,
176,16,SECCIÓN A — FOUNDER CATALOG (600),D9 — Reporte mensual narrado IA,Versión ejecutiva (1 pág) y completa (10 págs),,,,,
177,17,SECCIÓN A — FOUNDER CATALOG (600),D9 — Reporte mensual narrado IA,PDF branded del developer (no DMX branding),,,,,
178,18,SECCIÓN A — FOUNDER CATALOG (600),D9 — Reporte mensual narrado IA,Distribución automática vía email a stakeholders,,,,,
179,19,SECCIÓN A — FOUNDER CATALOG (600),D9 — Reporte mensual narrado IA,Compartible vía link único trackeable,,,,,
180,20,SECCIÓN A — FOUNDER CATALOG (600),D9 — Reporte mensual narrado IA,Histórico mes-por-mes consultable,,,,,
181,1,SECCIÓN A — FOUNDER CATALOG (600),D10 — Site Selection AI,Recomendación zonas top con demanda no atendida,,,,,
182,2,SECCIÓN A — FOUNDER CATALOG (600),D10 — Site Selection AI,"Recomendación por tipo de proyecto (vertical, mixto, etc.)",,,,,
183,3,SECCIÓN A — FOUNDER CATALOG (600),D10 — Site Selection AI,Recomendación por presupuesto/escala,,,,,
184,4,SECCIÓN A — FOUNDER CATALOG (600),D10 — Site Selection AI,Análisis terrenos disponibles vía datos públicos,,,,,
185,5,SECCIÓN A — FOUNDER CATALOG (600),D10 — Site Selection AI,Análisis uso de suelo permitido por colonia,,,,,
186,6,SECCIÓN A — FOUNDER CATALOG (600),D10 — Site Selection AI,Análisis competencia activa en zona,,,,,
187,7,SECCIÓN A — FOUNDER CATALOG (600),D10 — Site Selection AI,Demanda histórica + proyección 5 años,,,,,
188,8,SECCIÓN A — FOUNDER CATALOG (600),D10 — Site Selection AI,Demografía proyectada (jóvenes vs familias vs adultos mayores),,,,,
189,9,SECCIÓN A — FOUNDER CATALOG (600),D10 — Site Selection AI,"Infraestructura planeada (transporte, vialidades, hospitales)",,,,,
190,10,SECCIÓN A — FOUNDER CATALOG (600),D10 — Site Selection AI,Análisis plusvalía histórica + proyectada,,,,,
191,11,SECCIÓN A — FOUNDER CATALOG (600),D10 — Site Selection AI,Riesgo climático + sismológico,,,,,
192,12,SECCIÓN A — FOUNDER CATALOG (600),D10 — Site Selection AI,Análisis costo construcción zona,,,,,
193,13,SECCIÓN A — FOUNDER CATALOG (600),D10 — Site Selection AI,Análisis precio promedio venta zona (margen estimado),,,,,
194,14,SECCIÓN A — FOUNDER CATALOG (600),D10 — Site Selection AI,Score feasibility 0-100,,,,,
195,15,SECCIÓN A — FOUNDER CATALOG (600),D10 — Site Selection AI,Top 5 colonias con justificación IA,,,,,
196,16,SECCIÓN A — FOUNDER CATALOG (600),D10 — Site Selection AI,Heatmap visual de oportunidad,,,,,
197,17,SECCIÓN A — FOUNDER CATALOG (600),D10 — Site Selection AI,Comparativa entre 3 zonas finalistas,,,,,
198,18,SECCIÓN A — FOUNDER CATALOG (600),D10 — Site Selection AI,Reporte deck-ready para inversionistas,,,,,
199,19,SECCIÓN A — FOUNDER CATALOG (600),D10 — Site Selection AI,Alerta cuando aparece terreno disponible en zona top,,,,,
200,20,SECCIÓN A — FOUNDER CATALOG (600),D10 — Site Selection AI,Integración con bases de terrenos (público + alianzas),,,,,
201,1,SECCIÓN A — FOUNDER CATALOG (600),A1 — Marketplace + capa premium colonia,Listado completo inventario nativo + indexable,,,,,
202,2,SECCIÓN A — FOUNDER CATALOG (600),A1 — Marketplace + capa premium colonia,"Filtros avanzados (precio, m², colonia, amenidad, entrega)",,,,,
203,3,SECCIÓN A — FOUNDER CATALOG (600),A1 — Marketplace + capa premium colonia,Búsqueda full-text + IA semántica,,,,,
204,4,SECCIÓN A — FOUNDER CATALOG (600),A1 — Marketplace + capa premium colonia,Capa precio vs mercado por unidad,,,,,
205,5,SECCIÓN A — FOUNDER CATALOG (600),A1 — Marketplace + capa premium colonia,Capa IE Score colonia visible,,,,,
206,6,SECCIÓN A — FOUNDER CATALOG (600),A1 — Marketplace + capa premium colonia,Capa absorción del proyecto,,,,,
207,7,SECCIÓN A — FOUNDER CATALOG (600),A1 — Marketplace + capa premium colonia,Capa ghost zones (zonas en pausa),,,,,
208,8,SECCIÓN A — FOUNDER CATALOG (600),A1 — Marketplace + capa premium colonia,Capa climate twin (riesgo),,,,,
209,9,SECCIÓN A — FOUNDER CATALOG (600),A1 — Marketplace + capa premium colonia,Capa ROI renta tradicional + Airbnb,,,,,
210,10,SECCIÓN A — FOUNDER CATALOG (600),A1 — Marketplace + capa premium colonia,Mapa interactivo con todos los proyectos,,,,,
211,11,SECCIÓN A — FOUNDER CATALOG (600),A1 — Marketplace + capa premium colonia,Vista lista vs grid vs mapa,,,,,
212,12,SECCIÓN A — FOUNDER CATALOG (600),A1 — Marketplace + capa premium colonia,Saved searches (búsquedas guardadas),,,,,
213,13,SECCIÓN A — FOUNDER CATALOG (600),A1 — Marketplace + capa premium colonia,Alertas cuando entra inventario nuevo en mi búsqueda,,,,,
214,14,SECCIÓN A — FOUNDER CATALOG (600),A1 — Marketplace + capa premium colonia,Comparador 3-way,,,,,
215,15,SECCIÓN A — FOUNDER CATALOG (600),A1 — Marketplace + capa premium colonia,Notas privadas por proyecto/unidad,,,,,
216,16,SECCIÓN A — FOUNDER CATALOG (600),A1 — Marketplace + capa premium colonia,"Etiquetas custom (para mi cliente Juan, etc.)",,,,,
217,17,SECCIÓN A — FOUNDER CATALOG (600),A1 — Marketplace + capa premium colonia,Histórico de fichas que has revisado,,,,,
218,18,SECCIÓN A — FOUNDER CATALOG (600),A1 — Marketplace + capa premium colonia,Recomendaciones IA basadas en tu pipeline,,,,,
219,19,SECCIÓN A — FOUNDER CATALOG (600),A1 — Marketplace + capa premium colonia,"Vista exclusiva de ""exclusivas"" (proyectos solo para asesores)",,,,,
220,20,SECCIÓN A — FOUNDER CATALOG (600),A1 — Marketplace + capa premium colonia,Acceso a precios negociables (rango asesor),,,,,
221,1,SECCIÓN A — FOUNDER CATALOG (600),A2 — Búsqueda IA WhatsApp + in-app,Canal WhatsApp Business dedicado,,,,,
222,2,SECCIÓN A — FOUNDER CATALOG (600),A2 — Búsqueda IA WhatsApp + in-app,Canal in-app chat,,,,,
223,3,SECCIÓN A — FOUNDER CATALOG (600),A2 — Búsqueda IA WhatsApp + in-app,Lenguaje natural en español MX,,,,,
224,4,SECCIÓN A — FOUNDER CATALOG (600),A2 — Búsqueda IA WhatsApp + in-app,Historial de queries por asesor,,,,,
225,5,SECCIÓN A — FOUNDER CATALOG (600),A2 — Búsqueda IA WhatsApp + in-app,Memoria de cliente (asocia query a contacto),,,,,
226,6,SECCIÓN A — FOUNDER CATALOG (600),A2 — Búsqueda IA WhatsApp + in-app,"Sugerencias de refinamiento (""¿quieres con balcón?"")",,,,,
227,7,SECCIÓN A — FOUNDER CATALOG (600),A2 — Búsqueda IA WhatsApp + in-app,Filtros automáticos extraídos del texto,,,,,
228,8,SECCIÓN A — FOUNDER CATALOG (600),A2 — Búsqueda IA WhatsApp + in-app,Resultados con razonamiento (por qué cada opción),,,,,
229,9,SECCIÓN A — FOUNDER CATALOG (600),A2 — Búsqueda IA WhatsApp + in-app,Imágenes embebidas en respuesta WhatsApp,,,,,
230,10,SECCIÓN A — FOUNDER CATALOG (600),A2 — Búsqueda IA WhatsApp + in-app,"Botón ""ver más"" que abre la app",,,,,
231,11,SECCIÓN A — FOUNDER CATALOG (600),A2 — Búsqueda IA WhatsApp + in-app,"Botón ""enviar a cliente"" directo desde resultado",,,,,
232,12,SECCIÓN A — FOUNDER CATALOG (600),A2 — Búsqueda IA WhatsApp + in-app,Búsqueda por voz (audio WhatsApp),,,,,
233,13,SECCIÓN A — FOUNDER CATALOG (600),A2 — Búsqueda IA WhatsApp + in-app,"Búsqueda por imagen (manda foto, encuentra similar)",,,,,
234,14,SECCIÓN A — FOUNDER CATALOG (600),A2 — Búsqueda IA WhatsApp + in-app,Comparativa rápida en chat,,,,,
235,15,SECCIÓN A — FOUNDER CATALOG (600),A2 — Búsqueda IA WhatsApp + in-app,Cálculo hipotecario en chat,,,,,
236,16,SECCIÓN A — FOUNDER CATALOG (600),A2 — Búsqueda IA WhatsApp + in-app,Agendamiento de visita en chat,,,,,
237,17,SECCIÓN A — FOUNDER CATALOG (600),A2 — Búsqueda IA WhatsApp + in-app,Alertas push cuando aparece match nuevo,,,,,
238,18,SECCIÓN A — FOUNDER CATALOG (600),A2 — Búsqueda IA WhatsApp + in-app,"Multi-idioma (es-MX, en-US)",,,,,
239,19,SECCIÓN A — FOUNDER CATALOG (600),A2 — Búsqueda IA WhatsApp + in-app,"Comandos rápidos (/agenda, /comparar, /precio)",,,,,
240,20,SECCIÓN A — FOUNDER CATALOG (600),A2 — Búsqueda IA WhatsApp + in-app,Historial exportable como reporte cliente,,,,,
241,1,SECCIÓN A — FOUNDER CATALOG (600),A3 — Generador PDF/link personalizado,PDF de 1 propiedad con branding asesor,,,,,
242,2,SECCIÓN A — FOUNDER CATALOG (600),A3 — Generador PDF/link personalizado,PDF comparativa 3 propiedades,,,,,
243,3,SECCIÓN A — FOUNDER CATALOG (600),A3 — Generador PDF/link personalizado,"PDF ""tu colonia ideal"" report",,,,,
244,4,SECCIÓN A — FOUNDER CATALOG (600),A3 — Generador PDF/link personalizado,Link único trackeable por envío,,,,,
245,5,SECCIÓN A — FOUNDER CATALOG (600),A3 — Generador PDF/link personalizado,Customización colores asesor,,,,,
246,6,SECCIÓN A — FOUNDER CATALOG (600),A3 — Generador PDF/link personalizado,Logo asesor (sube imagen),,,,,
247,7,SECCIÓN A — FOUNDER CATALOG (600),A3 — Generador PDF/link personalizado,Foto asesor en PDF,,,,,
248,8,SECCIÓN A — FOUNDER CATALOG (600),A3 — Generador PDF/link personalizado,"Datos contacto asesor (WhatsApp, email)",,,,,
249,9,SECCIÓN A — FOUNDER CATALOG (600),A3 — Generador PDF/link personalizado,Mensaje personalizado del asesor en PDF,,,,,
250,10,SECCIÓN A — FOUNDER CATALOG (600),A3 — Generador PDF/link personalizado,QR code que lleva a versión web del link,,,,,
251,11,SECCIÓN A — FOUNDER CATALOG (600),A3 — Generador PDF/link personalizado,Versión texto WhatsApp lista para pegar,,,,,
252,12,SECCIÓN A — FOUNDER CATALOG (600),A3 — Generador PDF/link personalizado,Versión email HTML lista,,,,,
253,13,SECCIÓN A — FOUNDER CATALOG (600),A3 — Generador PDF/link personalizado,Versión carrusel Instagram (imágenes optimizadas),,,,,
254,14,SECCIÓN A — FOUNDER CATALOG (600),A3 — Generador PDF/link personalizado,Versión LinkedIn post,,,,,
255,15,SECCIÓN A — FOUNDER CATALOG (600),A3 — Generador PDF/link personalizado,"Plantillas pre-hechas (primera oferta, follow-up, descuento)",,,,,
256,16,SECCIÓN A — FOUNDER CATALOG (600),A3 — Generador PDF/link personalizado,Multi-idioma del PDF,,,,,
257,17,SECCIÓN A — FOUNDER CATALOG (600),A3 — Generador PDF/link personalizado,Watermark dinámico con nombre cliente (anti-leak),,,,,
258,18,SECCIÓN A — FOUNDER CATALOG (600),A3 — Generador PDF/link personalizado,Expiración del link (cae en X días),,,,,
259,19,SECCIÓN A — FOUNDER CATALOG (600),A3 — Generador PDF/link personalizado,Histórico de PDFs generados,,,,,
260,20,SECCIÓN A — FOUNDER CATALOG (600),A3 — Generador PDF/link personalizado,Re-uso/edición de PDFs anteriores,,,,,
261,1,SECCIÓN A — FOUNDER CATALOG (600),A4 — Tracking del cliente,Notificación cuando cliente abre link,,,,,
262,2,SECCIÓN A — FOUNDER CATALOG (600),A4 — Tracking del cliente,Notificación cuando ve cierta unidad,,,,,
263,3,SECCIÓN A — FOUNDER CATALOG (600),A4 — Tracking del cliente,Tiempo total en cada propiedad,,,,,
264,4,SECCIÓN A — FOUNDER CATALOG (600),A4 — Tracking del cliente,Cuántas veces revisitó,,,,,
265,5,SECCIÓN A — FOUNDER CATALOG (600),A4 — Tracking del cliente,Qué fotos miró más,,,,,
266,6,SECCIÓN A — FOUNDER CATALOG (600),A4 — Tracking del cliente,Si descargó brochure,,,,,
267,7,SECCIÓN A — FOUNDER CATALOG (600),A4 — Tracking del cliente,Si compartió con alguien (forward tracking),,,,,
268,8,SECCIÓN A — FOUNDER CATALOG (600),A4 — Tracking del cliente,Si agendó cita,,,,,
269,9,SECCIÓN A — FOUNDER CATALOG (600),A4 — Tracking del cliente,Si hizo cálculo hipotecario,,,,,
270,10,SECCIÓN A — FOUNDER CATALOG (600),A4 — Tracking del cliente,Si abrió plano,,,,,
271,11,SECCIÓN A — FOUNDER CATALOG (600),A4 — Tracking del cliente,Geolocalización del cliente (opt-in),,,,,
272,12,SECCIÓN A — FOUNDER CATALOG (600),A4 — Tracking del cliente,Device del cliente,,,,,
273,13,SECCIÓN A — FOUNDER CATALOG (600),A4 — Tracking del cliente,Hora del día más activa,,,,,
274,14,SECCIÓN A — FOUNDER CATALOG (600),A4 — Tracking del cliente,"Score de ""calor"" del cliente (qué tan caliente está)",,,,,
275,15,SECCIÓN A — FOUNDER CATALOG (600),A4 — Tracking del cliente,"Sugerencia IA de próximo step (llama, manda otro PDF, agenda)",,,,,
276,16,SECCIÓN A — FOUNDER CATALOG (600),A4 — Tracking del cliente,Timeline visual del comportamiento del cliente,,,,,
277,17,SECCIÓN A — FOUNDER CATALOG (600),A4 — Tracking del cliente,"Alertas de ""se enfrió"" (X días sin actividad)",,,,,
278,18,SECCIÓN A — FOUNDER CATALOG (600),A4 — Tracking del cliente,Comparación con otros clientes que cerraron (lookalike),,,,,
279,19,SECCIÓN A — FOUNDER CATALOG (600),A4 — Tracking del cliente,Reporte cliente-por-cliente exportable,,,,,
280,20,SECCIÓN A — FOUNDER CATALOG (600),A4 — Tracking del cliente,Privacidad opt-in del cliente (consent),,,,,
281,1,SECCIÓN A — FOUNDER CATALOG (600),A5 — CRM ligero,Contactos con campos custom,,,,,
282,2,SECCIÓN A — FOUNDER CATALOG (600),A5 — CRM ligero,Captaciones (cliente vendedor con su propiedad),,,,,
283,3,SECCIÓN A — FOUNDER CATALOG (600),A5 — CRM ligero,Tareas con due date,,,,,
284,4,SECCIÓN A — FOUNDER CATALOG (600),A5 — CRM ligero,Notas con timestamps,,,,,
285,5,SECCIÓN A — FOUNDER CATALOG (600),A5 — CRM ligero,Tags custom,,,,,
286,6,SECCIÓN A — FOUNDER CATALOG (600),A5 — CRM ligero,"Segmentación (compradores activos, vendedores, fríos)",,,,,
287,7,SECCIÓN A — FOUNDER CATALOG (600),A5 — CRM ligero,"Histórico de interacciones (chat, llamada, email)",,,,,
288,8,SECCIÓN A — FOUNDER CATALOG (600),A5 — CRM ligero,Adjuntos por contacto,,,,,
289,9,SECCIÓN A — FOUNDER CATALOG (600),A5 — CRM ligero,Cumpleaños y aniversarios automáticos,,,,,
290,10,SECCIÓN A — FOUNDER CATALOG (600),A5 — CRM ligero,Recordatorios programados,,,,,
291,11,SECCIÓN A — FOUNDER CATALOG (600),A5 — CRM ligero,Pipeline de captaciones,,,,,
292,12,SECCIÓN A — FOUNDER CATALOG (600),A5 — CRM ligero,Pipeline de búsquedas,,,,,
293,13,SECCIÓN A — FOUNDER CATALOG (600),A5 — CRM ligero,Merge contactos duplicados,,,,,
294,14,SECCIÓN A — FOUNDER CATALOG (600),A5 — CRM ligero,"Importar contactos (CSV, vCard, Google)",,,,,
295,15,SECCIÓN A — FOUNDER CATALOG (600),A5 — CRM ligero,Exportar contactos,,,,,
296,16,SECCIÓN A — FOUNDER CATALOG (600),A5 — CRM ligero,Compartir contacto con co-asesor,,,,,
297,17,SECCIÓN A — FOUNDER CATALOG (600),A5 — CRM ligero,"Permisos por contacto (privado, equipo)",,,,,
298,18,SECCIÓN A — FOUNDER CATALOG (600),A5 — CRM ligero,Email integrado,,,,,
299,19,SECCIÓN A — FOUNDER CATALOG (600),A5 — CRM ligero,WhatsApp integrado (mensajes loggeados),,,,,
300,20,SECCIÓN A — FOUNDER CATALOG (600),A5 — CRM ligero,Llamadas integradas (one-tap call),,,,,
301,1,SECCIÓN A — FOUNDER CATALOG (600),A6 — Pipeline operaciones,Etapas configurables (lead → cita → reserva → contrato → escrituración → entrega),,,,,
302,2,SECCIÓN A — FOUNDER CATALOG (600),A6 — Pipeline operaciones,Drag-and-drop entre etapas,,,,,
303,3,SECCIÓN A — FOUNDER CATALOG (600),A6 — Pipeline operaciones,Tiempo en cada etapa,,,,,
304,4,SECCIÓN A — FOUNDER CATALOG (600),A6 — Pipeline operaciones,Probabilidad de cierre por etapa,,,,,
305,5,SECCIÓN A — FOUNDER CATALOG (600),A6 — Pipeline operaciones,Valor de la operación,,,,,
306,6,SECCIÓN A — FOUNDER CATALOG (600),A6 — Pipeline operaciones,Comisión esperada,,,,,
307,7,SECCIÓN A — FOUNDER CATALOG (600),A6 — Pipeline operaciones,Documentos requeridos por etapa (checklist),,,,,
308,8,SECCIÓN A — FOUNDER CATALOG (600),A6 — Pipeline operaciones,Alertas de docs faltantes,,,,,
309,9,SECCIÓN A — FOUNDER CATALOG (600),A6 — Pipeline operaciones,Recordatorios automáticos,,,,,
310,10,SECCIÓN A — FOUNDER CATALOG (600),A6 — Pipeline operaciones,Co-asesor / split,,,,,
311,11,SECCIÓN A — FOUNDER CATALOG (600),A6 — Pipeline operaciones,Notas por operación,,,,,
312,12,SECCIÓN A — FOUNDER CATALOG (600),A6 — Pipeline operaciones,Timeline visual completo,,,,,
313,13,SECCIÓN A — FOUNDER CATALOG (600),A6 — Pipeline operaciones,Forecast de ingresos por mes,,,,,
314,14,SECCIÓN A — FOUNDER CATALOG (600),A6 — Pipeline operaciones,Operaciones perdidas con razón (lost reason),,,,,
315,15,SECCIÓN A — FOUNDER CATALOG (600),A6 — Pipeline operaciones,Win rate analysis,,,,,
316,16,SECCIÓN A — FOUNDER CATALOG (600),A6 — Pipeline operaciones,Promedio días por etapa,,,,,
317,17,SECCIÓN A — FOUNDER CATALOG (600),A6 — Pipeline operaciones,Bottlenecks identificados,,,,,
318,18,SECCIÓN A — FOUNDER CATALOG (600),A6 — Pipeline operaciones,Reportes ejecutivos,,,,,
319,19,SECCIÓN A — FOUNDER CATALOG (600),A6 — Pipeline operaciones,Histórico completo,,,,,
320,20,SECCIÓN A — FOUNDER CATALOG (600),A6 — Pipeline operaciones,Vinculación con unidad específica del marketplace,,,,,
321,1,SECCIÓN A — FOUNDER CATALOG (600),A7 — Comisiones,Cálculo automático según porcentaje del developer,,,,,
322,2,SECCIÓN A — FOUNDER CATALOG (600),A7 — Comisiones,"Múltiples esquemas (fijo, escalonado, bonus)",,,,,
323,3,SECCIÓN A — FOUNDER CATALOG (600),A7 — Comisiones,Split entre co-asesores configurable,,,,,
324,4,SECCIÓN A — FOUNDER CATALOG (600),A7 — Comisiones,Anticipo vs comisión final,,,,,
325,5,SECCIÓN A — FOUNDER CATALOG (600),A7 — Comisiones,Tracking de pagos pendientes del developer,,,,,
326,6,SECCIÓN A — FOUNDER CATALOG (600),A7 — Comisiones,Alertas de pago vencido,,,,,
327,7,SECCIÓN A — FOUNDER CATALOG (600),A7 — Comisiones,Histórico de comisiones cobradas,,,,,
328,8,SECCIÓN A — FOUNDER CATALOG (600),A7 — Comisiones,Forecast comisiones próximos 6 meses,,,,,
329,9,SECCIÓN A — FOUNDER CATALOG (600),A7 — Comisiones,Comparativa mes a mes,,,,,
330,10,SECCIÓN A — FOUNDER CATALOG (600),A7 — Comisiones,Reportes fiscales (CFDI integration),,,,,
331,11,SECCIÓN A — FOUNDER CATALOG (600),A7 — Comisiones,Cálculo retenciones ISR,,,,,
332,12,SECCIÓN A — FOUNDER CATALOG (600),A7 — Comisiones,Cálculo IVA,,,,,
333,13,SECCIÓN A — FOUNDER CATALOG (600),A7 — Comisiones,Reporte por developer,,,,,
334,14,SECCIÓN A — FOUNDER CATALOG (600),A7 — Comisiones,Reporte por proyecto,,,,,
335,15,SECCIÓN A — FOUNDER CATALOG (600),A7 — Comisiones,Reporte por cliente,,,,,
336,16,SECCIÓN A — FOUNDER CATALOG (600),A7 — Comisiones,Top operaciones del año,,,,,
337,17,SECCIÓN A — FOUNDER CATALOG (600),A7 — Comisiones,Promedio comisión por operación,,,,,
338,18,SECCIÓN A — FOUNDER CATALOG (600),A7 — Comisiones,Goals personales con tracking,,,,,
339,19,SECCIÓN A — FOUNDER CATALOG (600),A7 — Comisiones,"Achievement badges (1ra comisión 7 dígitos, etc.)",,,,,
340,20,SECCIÓN A — FOUNDER CATALOG (600),A7 — Comisiones,Compartir logros opt-in (LinkedIn integración),,,,,
341,1,SECCIÓN A — FOUNDER CATALOG (600),A8 — Briefing diario WhatsApp,Resumen 8am cada día,,,,,
342,2,SECCIÓN A — FOUNDER CATALOG (600),A8 — Briefing diario WhatsApp,Citas de hoy con dirección y contacto,,,,,
343,3,SECCIÓN A — FOUNDER CATALOG (600),A8 — Briefing diario WhatsApp,Citas de mañana,,,,,
344,4,SECCIÓN A — FOUNDER CATALOG (600),A8 — Briefing diario WhatsApp,Leads nuevos asignados,,,,,
345,5,SECCIÓN A — FOUNDER CATALOG (600),A8 — Briefing diario WhatsApp,Leads en frío para reactivar,,,,,
346,6,SECCIÓN A — FOUNDER CATALOG (600),A8 — Briefing diario WhatsApp,Operaciones próximas a vencer (apartado expira X días),,,,,
347,7,SECCIÓN A — FOUNDER CATALOG (600),A8 — Briefing diario WhatsApp,Documentos pendientes,,,,,
348,8,SECCIÓN A — FOUNDER CATALOG (600),A8 — Briefing diario WhatsApp,Comisiones por cobrar,,,,,
349,9,SECCIÓN A — FOUNDER CATALOG (600),A8 — Briefing diario WhatsApp,Inventario nuevo en zonas que trabajas,,,,,
350,10,SECCIÓN A — FOUNDER CATALOG (600),A8 — Briefing diario WhatsApp,Cambios de precio relevantes,,,,,
351,11,SECCIÓN A — FOUNDER CATALOG (600),A8 — Briefing diario WhatsApp,Sugerencia top 3 acciones del día,,,,,
352,12,SECCIÓN A — FOUNDER CATALOG (600),A8 — Briefing diario WhatsApp,Alerta meteorológica si hay citas (lluvia → reagendar),,,,,
353,13,SECCIÓN A — FOUNDER CATALOG (600),A8 — Briefing diario WhatsApp,Tráfico actual a tu próxima cita,,,,,
354,14,SECCIÓN A — FOUNDER CATALOG (600),A8 — Briefing diario WhatsApp,Cumpleaños de clientes (recordatorio personalizado),,,,,
355,15,SECCIÓN A — FOUNDER CATALOG (600),A8 — Briefing diario WhatsApp,Aniversarios de cierre (1 año desde que vendió X),,,,,
356,16,SECCIÓN A — FOUNDER CATALOG (600),A8 — Briefing diario WhatsApp,Insights mercado de tu colonia favorita,,,,,
357,17,SECCIÓN A — FOUNDER CATALOG (600),A8 — Briefing diario WhatsApp,Streak de citas / cierres,,,,,
358,18,SECCIÓN A — FOUNDER CATALOG (600),A8 — Briefing diario WhatsApp,Ranking semanal vs colegas,,,,,
359,19,SECCIÓN A — FOUNDER CATALOG (600),A8 — Briefing diario WhatsApp,Quote del día / motivacional,,,,,
360,20,SECCIÓN A — FOUNDER CATALOG (600),A8 — Briefing diario WhatsApp,Personalizable (qué quiere ver cada asesor),,,,,
361,1,SECCIÓN A — FOUNDER CATALOG (600),A9 — Comparador 3 propiedades,Hasta 3 propiedades lado a lado,,,,,
362,2,SECCIÓN A — FOUNDER CATALOG (600),A9 — Comparador 3 propiedades,Tabla comparativa visible,,,,,
363,3,SECCIÓN A — FOUNDER CATALOG (600),A9 — Comparador 3 propiedades,Highlights de diferencias,,,,,
364,4,SECCIÓN A — FOUNDER CATALOG (600),A9 — Comparador 3 propiedades,Ranking IA por criterio cliente,,,,,
365,5,SECCIÓN A — FOUNDER CATALOG (600),A9 — Comparador 3 propiedades,Cálculo mensualidad cada uno,,,,,
366,6,SECCIÓN A — FOUNDER CATALOG (600),A9 — Comparador 3 propiedades,ROI estimado cada uno,,,,,
367,7,SECCIÓN A — FOUNDER CATALOG (600),A9 — Comparador 3 propiedades,Tiempo estimado de venta cada uno,,,,,
368,8,SECCIÓN A — FOUNDER CATALOG (600),A9 — Comparador 3 propiedades,IE Score side by side,,,,,
369,9,SECCIÓN A — FOUNDER CATALOG (600),A9 — Comparador 3 propiedades,Amenidades comparadas,,,,,
370,10,SECCIÓN A — FOUNDER CATALOG (600),A9 — Comparador 3 propiedades,"Distancia a puntos clave del cliente (escuela, oficina)",,,,,
371,11,SECCIÓN A — FOUNDER CATALOG (600),A9 — Comparador 3 propiedades,Mapa con los 3 marcados,,,,,
372,12,SECCIÓN A — FOUNDER CATALOG (600),A9 — Comparador 3 propiedades,Galería comparada,,,,,
373,13,SECCIÓN A — FOUNDER CATALOG (600),A9 — Comparador 3 propiedades,Brochures juntos descargables,,,,,
374,14,SECCIÓN A — FOUNDER CATALOG (600),A9 — Comparador 3 propiedades,Exportable PDF branded,,,,,
375,15,SECCIÓN A — FOUNDER CATALOG (600),A9 — Comparador 3 propiedades,Compartible link único,,,,,
376,16,SECCIÓN A — FOUNDER CATALOG (600),A9 — Comparador 3 propiedades,Vista cliente vs vista asesor (premium hidden),,,,,
377,17,SECCIÓN A — FOUNDER CATALOG (600),A9 — Comparador 3 propiedades,"Sugerencias IA ""considera también X""",,,,,
378,18,SECCIÓN A — FOUNDER CATALOG (600),A9 — Comparador 3 propiedades,Histórico de comparativas,,,,,
379,19,SECCIÓN A — FOUNDER CATALOG (600),A9 — Comparador 3 propiedades,Save y share con cliente,,,,,
380,20,SECCIÓN A — FOUNDER CATALOG (600),A9 — Comparador 3 propiedades,Versión imprimible,,,,,
381,1,SECCIÓN A — FOUNDER CATALOG (600),A10 — Score asesor + leaderboard,Score personal 0-1000 (Elo style),,,,,
382,2,SECCIÓN A — FOUNDER CATALOG (600),A10 — Score asesor + leaderboard,Streak de cierres consecutivos,,,,,
383,3,SECCIÓN A — FOUNDER CATALOG (600),A10 — Score asesor + leaderboard,"Badges (1er cierre, 10 cierres, top de colonia)",,,,,
384,4,SECCIÓN A — FOUNDER CATALOG (600),A10 — Score asesor + leaderboard,Leaderboard global (opt-in),,,,,
385,5,SECCIÓN A — FOUNDER CATALOG (600),A10 — Score asesor + leaderboard,Leaderboard por colonia,,,,,
386,6,SECCIÓN A — FOUNDER CATALOG (600),A10 — Score asesor + leaderboard,Leaderboard por developer,,,,,
387,7,SECCIÓN A — FOUNDER CATALOG (600),A10 — Score asesor + leaderboard,Leaderboard mensual / trimestral / anual,,,,,
388,8,SECCIÓN A — FOUNDER CATALOG (600),A10 — Score asesor + leaderboard,"Categorías (mejor cierre, más rápido, mejor satisfacción cliente)",,,,,
389,9,SECCIÓN A — FOUNDER CATALOG (600),A10 — Score asesor + leaderboard,Reviews del cliente (5 estrellas),,,,,
390,10,SECCIÓN A — FOUNDER CATALOG (600),A10 — Score asesor + leaderboard,NPS por asesor,,,,,
391,11,SECCIÓN A — FOUNDER CATALOG (600),A10 — Score asesor + leaderboard,Verificación profesional (cédula AMPI),,,,,
392,12,SECCIÓN A — FOUNDER CATALOG (600),A10 — Score asesor + leaderboard,Perfil público asesor (LinkedIn-style),,,,,
393,13,SECCIÓN A — FOUNDER CATALOG (600),A10 — Score asesor + leaderboard,Especialización por colonia,,,,,
394,14,SECCIÓN A — FOUNDER CATALOG (600),A10 — Score asesor + leaderboard,Idiomas que habla,,,,,
395,15,SECCIÓN A — FOUNDER CATALOG (600),A10 — Score asesor + leaderboard,"Histórico transparente de cierres (count, no pricing)",,,,,
396,16,SECCIÓN A — FOUNDER CATALOG (600),A10 — Score asesor + leaderboard,Endorsements de developers,,,,,
397,17,SECCIÓN A — FOUNDER CATALOG (600),A10 — Score asesor + leaderboard,Endorsements de otros asesores,,,,,
398,18,SECCIÓN A — FOUNDER CATALOG (600),A10 — Score asesor + leaderboard,Mentions en prensa,,,,,
399,19,SECCIÓN A — FOUNDER CATALOG (600),A10 — Score asesor + leaderboard,Achievements compartibles redes,,,,,
400,20,SECCIÓN A — FOUNDER CATALOG (600),A10 — Score asesor + leaderboard,Wrapped anual del asesor,,,,,
401,1,SECCIÓN A — FOUNDER CATALOG (600),C1 — Marketplace búsqueda IA natural,"Caja única ""describe tu hogar ideal""",,,,,
402,2,SECCIÓN A — FOUNDER CATALOG (600),C1 — Marketplace búsqueda IA natural,Búsqueda por voz,,,,,
403,3,SECCIÓN A — FOUNDER CATALOG (600),C1 — Marketplace búsqueda IA natural,"**Búsqueda por imagen** (sube foto, encuentra similar)",,,,,
404,4,SECCIÓN A — FOUNDER CATALOG (600),C1 — Marketplace búsqueda IA natural,**Búsqueda por URL externa** (pega link Inmuebles24/Vivanuncios → IA interpreta + recomienda similares con mejor IE Score),,,,,
405,5,SECCIÓN A — FOUNDER CATALOG (600),C1 — Marketplace búsqueda IA natural,Búsqueda por mapa (dibuja zona),,,,,
406,6,SECCIÓN A — FOUNDER CATALOG (600),C1 — Marketplace búsqueda IA natural,Búsqueda por colonia,,,,,
407,7,SECCIÓN A — FOUNDER CATALOG (600),C1 — Marketplace búsqueda IA natural,"Búsqueda por landmark (""cerca del Bosque Chapultepec"")",,,,,
408,8,SECCIÓN A — FOUNDER CATALOG (600),C1 — Marketplace búsqueda IA natural,Búsqueda por presupuesto,,,,,
409,9,SECCIÓN A — FOUNDER CATALOG (600),C1 — Marketplace búsqueda IA natural,Búsqueda por presupuesto mensual hipoteca,,,,,
410,10,SECCIÓN A — FOUNDER CATALOG (600),C1 — Marketplace búsqueda IA natural,"Búsqueda por estilo de vida (familia, soltero, retiro)",,,,,
411,11,SECCIÓN A — FOUNDER CATALOG (600),C1 — Marketplace búsqueda IA natural,Filtros tradicionales como backup,,,,,
412,12,SECCIÓN A — FOUNDER CATALOG (600),C1 — Marketplace búsqueda IA natural,Resultados rankeados por relevancia IA,,,,,
413,13,SECCIÓN A — FOUNDER CATALOG (600),C1 — Marketplace búsqueda IA natural,Razonamiento por qué cada resultado,,,,,
414,14,SECCIÓN A — FOUNDER CATALOG (600),C1 — Marketplace búsqueda IA natural,"Refinamiento conversacional (""y con balcón"")",,,,,
415,15,SECCIÓN A — FOUNDER CATALOG (600),C1 — Marketplace búsqueda IA natural,"Sugerencias proactivas (""considera también colonia X"")",,,,,
416,16,SECCIÓN A — FOUNDER CATALOG (600),C1 — Marketplace búsqueda IA natural,Save search con alertas,,,,,
417,17,SECCIÓN A — FOUNDER CATALOG (600),C1 — Marketplace búsqueda IA natural,Histórico de búsquedas,,,,,
418,18,SECCIÓN A — FOUNDER CATALOG (600),C1 — Marketplace búsqueda IA natural,Búsquedas compartibles (envíale a tu pareja),,,,,
419,19,SECCIÓN A — FOUNDER CATALOG (600),C1 — Marketplace búsqueda IA natural,Modo incógnito (sin guardar histórico),,,,,
420,20,SECCIÓN A — FOUNDER CATALOG (600),C1 — Marketplace búsqueda IA natural,"Multi-idioma (es-MX, en-US)",,,,,
421,1,SECCIÓN A — FOUNDER CATALOG (600),C2 — Chatbot capa de datos,Disponible 24/7 in-app y web,,,,,
422,2,SECCIÓN A — FOUNDER CATALOG (600),C2 — Chatbot capa de datos,"Cada propiedad muestra ""precio vs mercado %""",,,,,
423,3,SECCIÓN A — FOUNDER CATALOG (600),C2 — Chatbot capa de datos,IE Score colonia visible,,,,,
424,4,SECCIÓN A — FOUNDER CATALOG (600),C2 — Chatbot capa de datos,Absorción del proyecto visible,,,,,
425,5,SECCIÓN A — FOUNDER CATALOG (600),C2 — Chatbot capa de datos,Días promedio para cerrar en esa colonia,,,,,
426,6,SECCIÓN A — FOUNDER CATALOG (600),C2 — Chatbot capa de datos,Plusvalía histórica colonia,,,,,
427,7,SECCIÓN A — FOUNDER CATALOG (600),C2 — Chatbot capa de datos,Plusvalía proyectada IA,,,,,
428,8,SECCIÓN A — FOUNDER CATALOG (600),C2 — Chatbot capa de datos,Riesgo climático del proyecto,,,,,
429,9,SECCIÓN A — FOUNDER CATALOG (600),C2 — Chatbot capa de datos,Conectividad transporte,,,,,
430,10,SECCIÓN A — FOUNDER CATALOG (600),C2 — Chatbot capa de datos,Reviews del developer,,,,,
431,11,SECCIÓN A — FOUNDER CATALOG (600),C2 — Chatbot capa de datos,Trust Score del developer,,,,,
432,12,SECCIÓN A — FOUNDER CATALOG (600),C2 — Chatbot capa de datos,ROI estimado renta tradicional,,,,,
433,13,SECCIÓN A — FOUNDER CATALOG (600),C2 — Chatbot capa de datos,ROI estimado Airbnb,,,,,
434,14,SECCIÓN A — FOUNDER CATALOG (600),C2 — Chatbot capa de datos,Comparativa con 3 similares automática,,,,,
435,15,SECCIÓN A — FOUNDER CATALOG (600),C2 — Chatbot capa de datos,"""Por qué este match conmigo"" personalizado",,,,,
436,16,SECCIÓN A — FOUNDER CATALOG (600),C2 — Chatbot capa de datos,"Banderas rojas IA (precio sospechoso, dev sin historial)",,,,,
437,17,SECCIÓN A — FOUNDER CATALOG (600),C2 — Chatbot capa de datos,"Banderas verdes (oportunidad, descuento)",,,,,
438,18,SECCIÓN A — FOUNDER CATALOG (600),C2 — Chatbot capa de datos,Tendencia precio últimos 6 meses,,,,,
439,19,SECCIÓN A — FOUNDER CATALOG (600),C2 — Chatbot capa de datos,Tiempo restante a entrega,,,,,
440,20,SECCIÓN A — FOUNDER CATALOG (600),C2 — Chatbot capa de datos,Status real de inventario (quedan X unidades),,,,,
441,1,SECCIÓN A — FOUNDER CATALOG (600),C3 — Reporte gratis colonia,Lead magnet con email + colonia,,,,,
442,2,SECCIÓN A — FOUNDER CATALOG (600),C3 — Reporte gratis colonia,PDF de 5-10 páginas branded,,,,,
443,3,SECCIÓN A — FOUNDER CATALOG (600),C3 — Reporte gratis colonia,Score IE 0-100 colonia,,,,,
444,4,SECCIÓN A — FOUNDER CATALOG (600),C3 — Reporte gratis colonia,Tendencia precios 12 meses,,,,,
445,5,SECCIÓN A — FOUNDER CATALOG (600),C3 — Reporte gratis colonia,Top 3 desarrollos disponibles,,,,,
446,6,SECCIÓN A — FOUNDER CATALOG (600),C3 — Reporte gratis colonia,Comparativa con 3 colonias similares,,,,,
447,7,SECCIÓN A — FOUNDER CATALOG (600),C3 — Reporte gratis colonia,Plusvalía histórica,,,,,
448,8,SECCIÓN A — FOUNDER CATALOG (600),C3 — Reporte gratis colonia,Demografía colonia,,,,,
449,9,SECCIÓN A — FOUNDER CATALOG (600),C3 — Reporte gratis colonia,"Infraestructura (escuelas, hospitales, transporte)",,,,,
450,10,SECCIÓN A — FOUNDER CATALOG (600),C3 — Reporte gratis colonia,Riesgo climático,,,,,
451,11,SECCIÓN A — FOUNDER CATALOG (600),C3 — Reporte gratis colonia,Calidad del aire histórica,,,,,
452,12,SECCIÓN A — FOUNDER CATALOG (600),C3 — Reporte gratis colonia,Seguridad (delitos por 100k habitantes),,,,,
453,13,SECCIÓN A — FOUNDER CATALOG (600),C3 — Reporte gratis colonia,"Vida cultural (parques, museos, restaurantes)",,,,,
454,14,SECCIÓN A — FOUNDER CATALOG (600),C3 — Reporte gratis colonia,Costo de vida estimado,,,,,
455,15,SECCIÓN A — FOUNDER CATALOG (600),C3 — Reporte gratis colonia,Tipo de vecino predominante,,,,,
456,16,SECCIÓN A — FOUNDER CATALOG (600),C3 — Reporte gratis colonia,Historia narrativa colonia,,,,,
457,17,SECCIÓN A — FOUNDER CATALOG (600),C3 — Reporte gratis colonia,"Futuro proyectado (obras anunciadas, planes maestros)",,,,,
458,18,SECCIÓN A — FOUNDER CATALOG (600),C3 — Reporte gratis colonia,"Recomendaciones por perfil (familia, soltero, inversión)",,,,,
459,19,SECCIÓN A — FOUNDER CATALOG (600),C3 — Reporte gratis colonia,Versión web shareable + PDF descargable,,,,,
460,20,SECCIÓN A — FOUNDER CATALOG (600),C3 — Reporte gratis colonia,"Versión ""deep dive"" pago premium",,,,,
461,1,SECCIÓN A — FOUNDER CATALOG (600),C4 — Quiz colonia,8-12 preguntas guiadas,,,,,
462,2,SECCIÓN A — FOUNDER CATALOG (600),C4 — Quiz colonia,Multi-step con progreso visible,,,,,
463,3,SECCIÓN A — FOUNDER CATALOG (600),C4 — Quiz colonia,"Preguntas estilo de vida (mañanero/nocturno, etc.)",,,,,
464,4,SECCIÓN A — FOUNDER CATALOG (600),C4 — Quiz colonia,Preguntas presupuesto,,,,,
465,5,SECCIÓN A — FOUNDER CATALOG (600),C4 — Quiz colonia,"Preguntas familia (kids, mascotas)",,,,,
466,6,SECCIÓN A — FOUNDER CATALOG (600),C4 — Quiz colonia,Preguntas trabajo (ubicación oficina),,,,,
467,7,SECCIÓN A — FOUNDER CATALOG (600),C4 — Quiz colonia,"Preguntas hobbies (gym, parques, vida nocturna)",,,,,
468,8,SECCIÓN A — FOUNDER CATALOG (600),C4 — Quiz colonia,"Preguntas ciudad (CDMX, MTY, GDL)",,,,,
469,9,SECCIÓN A — FOUNDER CATALOG (600),C4 — Quiz colonia,Algoritmo de matching IA,,,,,
470,10,SECCIÓN A — FOUNDER CATALOG (600),C4 — Quiz colonia,Top 3 colonias con score % match,,,,,
471,11,SECCIÓN A — FOUNDER CATALOG (600),C4 — Quiz colonia,Razonamiento por colonia,,,,,
472,12,SECCIÓN A — FOUNDER CATALOG (600),C4 — Quiz colonia,Top 3 desarrollos en cada,,,,,
473,13,SECCIÓN A — FOUNDER CATALOG (600),C4 — Quiz colonia,Compartible como link/imagen,,,,,
474,14,SECCIÓN A — FOUNDER CATALOG (600),C4 — Quiz colonia,Re-take con preguntas adicionales (deep dive),,,,,
475,15,SECCIÓN A — FOUNDER CATALOG (600),C4 — Quiz colonia,Comparativa entre los 3 resultados,,,,,
476,16,SECCIÓN A — FOUNDER CATALOG (600),C4 — Quiz colonia,CTA hablar con asesor,,,,,
477,17,SECCIÓN A — FOUNDER CATALOG (600),C4 — Quiz colonia,Save resultado para después,,,,,
478,18,SECCIÓN A — FOUNDER CATALOG (600),C4 — Quiz colonia,Exportar resultado PDF,,,,,
479,19,SECCIÓN A — FOUNDER CATALOG (600),C4 — Quiz colonia,Embeddable widget,,,,,
480,20,SECCIÓN A — FOUNDER CATALOG (600),C4 — Quiz colonia,Versión pareja (combina 2 perfiles),,,,,
481,1,SECCIÓN A — FOUNDER CATALOG (600),C5 — Comparador 3 propiedades / 3 colonias,Hasta 3 propiedades lado a lado,,,,,
482,2,SECCIÓN A — FOUNDER CATALOG (600),C5 — Comparador 3 propiedades / 3 colonias,Hasta 3 colonias lado a lado,,,,,
483,3,SECCIÓN A — FOUNDER CATALOG (600),C5 — Comparador 3 propiedades / 3 colonias,Modo mixto (1 propiedad vs 1 propiedad vs 1 colonia),,,,,
484,4,SECCIÓN A — FOUNDER CATALOG (600),C5 — Comparador 3 propiedades / 3 colonias,Tabla comparativa estructurada,,,,,
485,5,SECCIÓN A — FOUNDER CATALOG (600),C5 — Comparador 3 propiedades / 3 colonias,Highlights diferencias (badges),,,,,
486,6,SECCIÓN A — FOUNDER CATALOG (600),C5 — Comparador 3 propiedades / 3 colonias,"Score IA ""cuál es mejor para ti""",,,,,
487,7,SECCIÓN A — FOUNDER CATALOG (600),C5 — Comparador 3 propiedades / 3 colonias,Cálculo mensualidad cada una,,,,,
488,8,SECCIÓN A — FOUNDER CATALOG (600),C5 — Comparador 3 propiedades / 3 colonias,"Distancia a puntos personales (oficina, escuela)",,,,,
489,9,SECCIÓN A — FOUNDER CATALOG (600),C5 — Comparador 3 propiedades / 3 colonias,Mapa con marcadores,,,,,
490,10,SECCIÓN A — FOUNDER CATALOG (600),C5 — Comparador 3 propiedades / 3 colonias,Tiempo de traslado a cada,,,,,
491,11,SECCIÓN A — FOUNDER CATALOG (600),C5 — Comparador 3 propiedades / 3 colonias,Galería comparada,,,,,
492,12,SECCIÓN A — FOUNDER CATALOG (600),C5 — Comparador 3 propiedades / 3 colonias,Reviews comparadas,,,,,
493,13,SECCIÓN A — FOUNDER CATALOG (600),C5 — Comparador 3 propiedades / 3 colonias,"Datos colonia comparados (clima, seguridad)",,,,,
494,14,SECCIÓN A — FOUNDER CATALOG (600),C5 — Comparador 3 propiedades / 3 colonias,ROI comparado,,,,,
495,15,SECCIÓN A — FOUNDER CATALOG (600),C5 — Comparador 3 propiedades / 3 colonias,Compartible link único,,,,,
496,16,SECCIÓN A — FOUNDER CATALOG (600),C5 — Comparador 3 propiedades / 3 colonias,Exportable PDF,,,,,
497,17,SECCIÓN A — FOUNDER CATALOG (600),C5 — Comparador 3 propiedades / 3 colonias,"Modo pareja (2 perfiles, 1 elección)",,,,,
498,18,SECCIÓN A — FOUNDER CATALOG (600),C5 — Comparador 3 propiedades / 3 colonias,Save y revisita,,,,,
499,19,SECCIÓN A — FOUNDER CATALOG (600),C5 — Comparador 3 propiedades / 3 colonias,"Sugerencias IA ""considera también X""",,,,,
500,20,SECCIÓN A — FOUNDER CATALOG (600),C5 — Comparador 3 propiedades / 3 colonias,Vista mobile optimizada,,,,,
501,1,SECCIÓN A — FOUNDER CATALOG (600),C6 — Calculadora hipotecaria,Mensualidad simple,,,,,
502,2,SECCIÓN A — FOUNDER CATALOG (600),C6 — Calculadora hipotecaria,"Plazo configurable (10, 15, 20, 25, 30 años)",,,,,
503,3,SECCIÓN A — FOUNDER CATALOG (600),C6 — Calculadora hipotecaria,Enganche % o monto,,,,,
504,4,SECCIÓN A — FOUNDER CATALOG (600),C6 — Calculadora hipotecaria,Tasa de interés editable,,,,,
505,5,SECCIÓN A — FOUNDER CATALOG (600),C6 — Calculadora hipotecaria,Simulador Infonavit,,,,,
506,6,SECCIÓN A — FOUNDER CATALOG (600),C6 — Calculadora hipotecaria,Simulador Fovissste,,,,,
507,7,SECCIÓN A — FOUNDER CATALOG (600),C6 — Calculadora hipotecaria,"Simulador banca privada (BBVA, Santander, Banorte, etc.)",,,,,
508,8,SECCIÓN A — FOUNDER CATALOG (600),C6 — Calculadora hipotecaria,Cosolicitante (suma 2 ingresos),,,,,
509,9,SECCIÓN A — FOUNDER CATALOG (600),C6 — Calculadora hipotecaria,Cuota mensual máxima recomendada (debt-to-income),,,,,
510,10,SECCIÓN A — FOUNDER CATALOG (600),C6 — Calculadora hipotecaria,"Calculadora ""cuánto puedo pagar"" (inverso)",,,,,
511,11,SECCIÓN A — FOUNDER CATALOG (600),C6 — Calculadora hipotecaria,Costo total del crédito (pagar vs valor),,,,,
512,12,SECCIÓN A — FOUNDER CATALOG (600),C6 — Calculadora hipotecaria,Tabla amortización completa,,,,,
513,13,SECCIÓN A — FOUNDER CATALOG (600),C6 — Calculadora hipotecaria,Comparador 3 hipotecas lado a lado,,,,,
514,14,SECCIÓN A — FOUNDER CATALOG (600),C6 — Calculadora hipotecaria,Pre-aprobación rápida (alianza con broker),,,,,
515,15,SECCIÓN A — FOUNDER CATALOG (600),C6 — Calculadora hipotecaria,Calculadora gastos notariales,,,,,
516,16,SECCIÓN A — FOUNDER CATALOG (600),C6 — Calculadora hipotecaria,Calculadora ISABI / impuesto traslación,,,,,
517,17,SECCIÓN A — FOUNDER CATALOG (600),C6 — Calculadora hipotecaria,Calculadora total a desembolsar día 1,,,,,
518,18,SECCIÓN A — FOUNDER CATALOG (600),C6 — Calculadora hipotecaria,Save scenarios para comparar después,,,,,
519,19,SECCIÓN A — FOUNDER CATALOG (600),C6 — Calculadora hipotecaria,Compartible con tu asesor,,,,,
520,20,SECCIÓN A — FOUNDER CATALOG (600),C6 — Calculadora hipotecaria,Disponible sin login,,,,,
521,1,SECCIÓN A — FOUNDER CATALOG (600),C7 — Alertas inteligentes,"Alerta ""nuevo proyecto en mi zona""",,,,,
522,2,SECCIÓN A — FOUNDER CATALOG (600),C7 — Alertas inteligentes,"Alerta ""ajuste de precio en propiedad guardada""",,,,,
523,3,SECCIÓN A — FOUNDER CATALOG (600),C7 — Alertas inteligentes,"Alerta ""tu colonia favorita se calienta""",,,,,
524,4,SECCIÓN A — FOUNDER CATALOG (600),C7 — Alertas inteligentes,"Alerta ""cambió IE Score en tu colonia""",,,,,
525,5,SECCIÓN A — FOUNDER CATALOG (600),C7 — Alertas inteligentes,"Alerta ""match perfecto en otra colonia""",,,,,
526,6,SECCIÓN A — FOUNDER CATALOG (600),C7 — Alertas inteligentes,"Alerta ""evento en tu zona"" (open house)",,,,,
527,7,SECCIÓN A — FOUNDER CATALOG (600),C7 — Alertas inteligentes,"Alerta ""tu colonia tiene nueva obra anunciada""",,,,,
528,8,SECCIÓN A — FOUNDER CATALOG (600),C7 — Alertas inteligentes,"Alerta ""developer top en tu zona lanzó proyecto""",,,,,
529,9,SECCIÓN A — FOUNDER CATALOG (600),C7 — Alertas inteligentes,"Frecuencia configurable (instant, daily digest, weekly)",,,,,
530,10,SECCIÓN A — FOUNDER CATALOG (600),C7 — Alertas inteligentes,"Canal configurable (push, email, WhatsApp)",,,,,
531,11,SECCIÓN A — FOUNDER CATALOG (600),C7 — Alertas inteligentes,Snooze de alerta,,,,,
532,12,SECCIÓN A — FOUNDER CATALOG (600),C7 — Alertas inteligentes,Mute de proyecto/colonia,,,,,
533,13,SECCIÓN A — FOUNDER CATALOG (600),C7 — Alertas inteligentes,Alerta personalizable por presupuesto,,,,,
534,14,SECCIÓN A — FOUNDER CATALOG (600),C7 — Alertas inteligentes,Alerta por tipo de unidad,,,,,
535,15,SECCIÓN A — FOUNDER CATALOG (600),C7 — Alertas inteligentes,Alerta de oportunidad (descuento súbito),,,,,
536,16,SECCIÓN A — FOUNDER CATALOG (600),C7 — Alertas inteligentes,Alerta de riesgo (precio sube > X%),,,,,
537,17,SECCIÓN A — FOUNDER CATALOG (600),C7 — Alertas inteligentes,Alerta climática (riesgo inundación temporada),,,,,
538,18,SECCIÓN A — FOUNDER CATALOG (600),C7 — Alertas inteligentes,Alerta entrega (proyecto que comprabas se entrega),,,,,
539,19,SECCIÓN A — FOUNDER CATALOG (600),C7 — Alertas inteligentes,Alerta cambio status (apartado disponible nuevamente),,,,,
540,20,SECCIÓN A — FOUNDER CATALOG (600),C7 — Alertas inteligentes,Histórico de alertas,,,,,
541,1,SECCIÓN A — FOUNDER CATALOG (600),C8 — Historia y futuro colonia,Timeline 10 años con hitos,,,,,
542,2,SECCIÓN A — FOUNDER CATALOG (600),C8 — Historia y futuro colonia,Foto histórica vs hoy,,,,,
543,3,SECCIÓN A — FOUNDER CATALOG (600),C8 — Historia y futuro colonia,Cambios demográficos,,,,,
544,4,SECCIÓN A — FOUNDER CATALOG (600),C8 — Historia y futuro colonia,Cambios precio plot histórico,,,,,
545,5,SECCIÓN A — FOUNDER CATALOG (600),C8 — Historia y futuro colonia,"Eventos clave (apertura nueva línea metro, etc.)",,,,,
546,6,SECCIÓN A — FOUNDER CATALOG (600),C8 — Historia y futuro colonia,Top 5 desarrollos de la década,,,,,
547,7,SECCIÓN A — FOUNDER CATALOG (600),C8 — Historia y futuro colonia,Cambios uso de suelo,,,,,
548,8,SECCIÓN A — FOUNDER CATALOG (600),C8 — Historia y futuro colonia,Vecinos famosos / cultural,,,,,
549,9,SECCIÓN A — FOUNDER CATALOG (600),C8 — Historia y futuro colonia,Planes maestros futuros,,,,,
550,10,SECCIÓN A — FOUNDER CATALOG (600),C8 — Historia y futuro colonia,Obras gobierno anunciadas,,,,,
551,11,SECCIÓN A — FOUNDER CATALOG (600),C8 — Historia y futuro colonia,Predicción IA 5 años,,,,,
552,12,SECCIÓN A — FOUNDER CATALOG (600),C8 — Historia y futuro colonia,Casos comparables (otras colonias que pasaron por esto),,,,,
553,13,SECCIÓN A — FOUNDER CATALOG (600),C8 — Historia y futuro colonia,Quotes de residentes históricos,,,,,
554,14,SECCIÓN A — FOUNDER CATALOG (600),C8 — Historia y futuro colonia,Foto galería temporal,,,,,
555,15,SECCIÓN A — FOUNDER CATALOG (600),C8 — Historia y futuro colonia,Video documental corto IA,,,,,
556,16,SECCIÓN A — FOUNDER CATALOG (600),C8 — Historia y futuro colonia,Mapa interactivo cambios,,,,,
557,17,SECCIÓN A — FOUNDER CATALOG (600),C8 — Historia y futuro colonia,Compartible como artículo/post,,,,,
558,18,SECCIÓN A — FOUNDER CATALOG (600),C8 — Historia y futuro colonia,Embeddable widget,,,,,
559,19,SECCIÓN A — FOUNDER CATALOG (600),C8 — Historia y futuro colonia,Suscribible a updates futuros,,,,,
560,20,SECCIÓN A — FOUNDER CATALOG (600),C8 — Historia y futuro colonia,Versión podcast (audio narrado IA),,,,,
561,1,SECCIÓN A — FOUNDER CATALOG (600),C9 — Tour virtual + WhatsApp asesor,Tour 360° por unidad (Matterport-style),,,,,
562,2,SECCIÓN A — FOUNDER CATALOG (600),C9 — Tour virtual + WhatsApp asesor,Hot spots clicables (info adicional),,,,,
563,3,SECCIÓN A — FOUNDER CATALOG (600),C9 — Tour virtual + WhatsApp asesor,Visión nocturna toggle,,,,,
564,4,SECCIÓN A — FOUNDER CATALOG (600),C9 — Tour virtual + WhatsApp asesor,Vista exterior 360 (drone),,,,,
565,5,SECCIÓN A — FOUNDER CATALOG (600),C9 — Tour virtual + WhatsApp asesor,Vista del balcón (real),,,,,
566,6,SECCIÓN A — FOUNDER CATALOG (600),C9 — Tour virtual + WhatsApp asesor,Vista de la calle (Google Street View embedded),,,,,
567,7,SECCIÓN A — FOUNDER CATALOG (600),C9 — Tour virtual + WhatsApp asesor,"Botón ""agendar visita"" directo",,,,,
568,8,SECCIÓN A — FOUNDER CATALOG (600),C9 — Tour virtual + WhatsApp asesor,Calendario asesor disponible,,,,,
569,9,SECCIÓN A — FOUNDER CATALOG (600),C9 — Tour virtual + WhatsApp asesor,WhatsApp con asesor asignado one-tap,,,,,
570,10,SECCIÓN A — FOUNDER CATALOG (600),C9 — Tour virtual + WhatsApp asesor,Video llamada con asesor (opcional),,,,,
571,11,SECCIÓN A — FOUNDER CATALOG (600),C9 — Tour virtual + WhatsApp asesor,Tour en grupo (varias personas mismo tiempo),,,,,
572,12,SECCIÓN A — FOUNDER CATALOG (600),C9 — Tour virtual + WhatsApp asesor,Tour guiado por asesor (asesor remoto controla),,,,,
573,13,SECCIÓN A — FOUNDER CATALOG (600),C9 — Tour virtual + WhatsApp asesor,Recording del tour para volver a ver,,,,,
574,14,SECCIÓN A — FOUNDER CATALOG (600),C9 — Tour virtual + WhatsApp asesor,Notas durante el tour (qué te gustó),,,,,
575,15,SECCIÓN A — FOUNDER CATALOG (600),C9 — Tour virtual + WhatsApp asesor,Fotos favoritas guardadas,,,,,
576,16,SECCIÓN A — FOUNDER CATALOG (600),C9 — Tour virtual + WhatsApp asesor,AR (mira muebles tuyos en el espacio) — futuro,,,,,
577,17,SECCIÓN A — FOUNDER CATALOG (600),C9 — Tour virtual + WhatsApp asesor,Comparativa virtual de unidades del mismo proyecto,,,,,
578,18,SECCIÓN A — FOUNDER CATALOG (600),C9 — Tour virtual + WhatsApp asesor,Modo VR si tienes lentes,,,,,
579,19,SECCIÓN A — FOUNDER CATALOG (600),C9 — Tour virtual + WhatsApp asesor,Tour offline (descargable),,,,,
580,20,SECCIÓN A — FOUNDER CATALOG (600),C9 — Tour virtual + WhatsApp asesor,Disclaimer realismo (foto vs render),,,,,
581,1,SECCIÓN A — FOUNDER CATALOG (600),C10 — Wrapped anual,"Diciembre auto-genera ""tu 2026""",,,,,
582,2,SECCIÓN A — FOUNDER CATALOG (600),C10 — Wrapped anual,Cuántas colonias exploraste,,,,,
583,3,SECCIÓN A — FOUNDER CATALOG (600),C10 — Wrapped anual,Top 3 colonias que más miraste,,,,,
584,4,SECCIÓN A — FOUNDER CATALOG (600),C10 — Wrapped anual,Cuántas propiedades viste,,,,,
585,5,SECCIÓN A — FOUNDER CATALOG (600),C10 — Wrapped anual,Tu rango de presupuesto promedio,,,,,
586,6,SECCIÓN A — FOUNDER CATALOG (600),C10 — Wrapped anual,Tu top búsqueda,,,,,
587,7,SECCIÓN A — FOUNDER CATALOG (600),C10 — Wrapped anual,Tu personalidad inmobiliaria (tipo MBTI inmobiliario),,,,,
588,8,SECCIÓN A — FOUNDER CATALOG (600),C10 — Wrapped anual,"Tendencia de tu búsqueda (más amplia, más específica)",,,,,
589,9,SECCIÓN A — FOUNDER CATALOG (600),C10 — Wrapped anual,Comparativa con otros usuarios similares,,,,,
590,10,SECCIÓN A — FOUNDER CATALOG (600),C10 — Wrapped anual,"Tu colonia ""soulmate""",,,,,
591,11,SECCIÓN A — FOUNDER CATALOG (600),C10 — Wrapped anual,Tus features más buscadas,,,,,
592,12,SECCIÓN A — FOUNDER CATALOG (600),C10 — Wrapped anual,Tu ROI ideal vs real (si compraste),,,,,
593,13,SECCIÓN A — FOUNDER CATALOG (600),C10 — Wrapped anual,Highlights del año en mercado,,,,,
594,14,SECCIÓN A — FOUNDER CATALOG (600),C10 — Wrapped anual,"Predicción ""tu 2027"" basada en patrón",,,,,
595,15,SECCIÓN A — FOUNDER CATALOG (600),C10 — Wrapped anual,Compartible como historia Instagram,,,,,
596,16,SECCIÓN A — FOUNDER CATALOG (600),C10 — Wrapped anual,Compartible como tweet,,,,,
597,17,SECCIÓN A — FOUNDER CATALOG (600),C10 — Wrapped anual,Música de fondo (canción del año)),,,,,
598,18,SECCIÓN A — FOUNDER CATALOG (600),C10 — Wrapped anual,Animaciones tipo Spotify Wrapped,,,,,
599,19,SECCIÓN A — FOUNDER CATALOG (600),C10 — Wrapped anual,Versión imprimible/PDF,,,,,
600,20,SECCIÓN A — FOUNDER CATALOG (600),C10 — Wrapped anual,Histórico (compara tu 2025 vs 2026),,,,,
601,1,SECCIÓN B — DMX STUDIO S1 (50),S1.1 — Director IA Video (Director IA core),Input texto/brief → script video automático,,,,,
602,2,SECCIÓN B — DMX STUDIO S1 (50),S1.1 — Director IA Video (Director IA core),Input fotos del proyecto → tour video sintético,,,,,
603,3,SECCIÓN B — DMX STUDIO S1 (50),S1.1 — Director IA Video (Director IA core),Input URL portal → extrae datos + genera video,,,,,
604,4,SECCIÓN B — DMX STUDIO S1 (50),S1.1 — Director IA Video (Director IA core),Selector tipo video: walkthrough / hero / drone / lifestyle / testimonial,,,,,
605,5,SECCIÓN B — DMX STUDIO S1 (50),S1.1 — Director IA Video (Director IA core),Duración configurable: 15s / 30s / 60s / 90s,,,,,
606,6,SECCIÓN B — DMX STUDIO S1 (50),S1.1 — Director IA Video (Director IA core),Voz cloning del asesor (graba 60s muestra),,,,,
607,7,SECCIÓN B — DMX STUDIO S1 (50),S1.1 — Director IA Video (Director IA core),Voz biblioteca pre-hecha (10+ voces es-MX + en-US),,,,,
608,8,SECCIÓN B — DMX STUDIO S1 (50),S1.1 — Director IA Video (Director IA core),Avatar IA del asesor (foto frontal → avatar talking head),,,,,
609,9,SECCIÓN B — DMX STUDIO S1 (50),S1.1 — Director IA Video (Director IA core),Música stock royalty-free filtrada por mood (lujo / familiar / urbano / lifestyle),,,,,
610,10,SECCIÓN B — DMX STUDIO S1 (50),S1.1 — Director IA Video (Director IA core),Subtítulos auto generados (es-MX + en-US),,,,,
611,1,SECCIÓN B — DMX STUDIO S1 (50),S1.2 — Edición + post-producción,Trim manual segmentos,,,,,
612,2,SECCIÓN B — DMX STUDIO S1 (50),S1.2 — Edición + post-producción,Reorder escenas drag&drop,,,,,
613,3,SECCIÓN B — DMX STUDIO S1 (50),S1.2 — Edición + post-producción,"Transitions presets (cuts limpios, fade, zoom)",,,,,
614,4,SECCIÓN B — DMX STUDIO S1 (50),S1.2 — Edición + post-producción,"Color grading auto (cinemático, natural, vibrante)",,,,,
615,5,SECCIÓN B — DMX STUDIO S1 (50),S1.2 — Edición + post-producción,Logo asesor watermark posición configurable,,,,,
616,6,SECCIÓN B — DMX STUDIO S1 (50),S1.2 — Edición + post-producción,"CTA al final (WhatsApp, web, llamada)",,,,,
617,7,SECCIÓN B — DMX STUDIO S1 (50),S1.2 — Edición + post-producción,Hook primeros 3 seg auto (anti-scroll TikTok),,,,,
618,8,SECCIÓN B — DMX STUDIO S1 (50),S1.2 — Edición + post-producción,Pacing AI (acelera / desacelera según engagement target),,,,,
619,9,SECCIÓN B — DMX STUDIO S1 (50),S1.2 — Edición + post-producción,"Re-edit AI (""hazlo más dinámico"", ""más relajado"")",,,,,
620,10,SECCIÓN B — DMX STUDIO S1 (50),S1.2 — Edición + post-producción,Export MP4 1080p / 4K,,,,,
621,1,SECCIÓN B — DMX STUDIO S1 (50),S1.3 — Distribución multi-canal,"Export Instagram Reels (9:16, 60s, optimizado)",,,,,
622,2,SECCIÓN B — DMX STUDIO S1 (50),S1.3 — Distribución multi-canal,"Export TikTok (9:16, hook agresivo)",,,,,
623,3,SECCIÓN B — DMX STUDIO S1 (50),S1.3 — Distribución multi-canal,Export YouTube Shorts (9:16),,,,,
624,4,SECCIÓN B — DMX STUDIO S1 (50),S1.3 — Distribución multi-canal,"Export Facebook Feed (1:1, 4:5)",,,,,
625,5,SECCIÓN B — DMX STUDIO S1 (50),S1.3 — Distribución multi-canal,Export LinkedIn (16:9),,,,,
626,6,SECCIÓN B — DMX STUDIO S1 (50),S1.3 — Distribución multi-canal,Export WhatsApp (compresión optimizada),,,,,
627,7,SECCIÓN B — DMX STUDIO S1 (50),S1.3 — Distribución multi-canal,"Export Stories (9:16, 15s)",,,,,
628,8,SECCIÓN B — DMX STUDIO S1 (50),S1.3 — Distribución multi-canal,"Marketplace videos por colonia (DMX hosted, indexable)",,,,,
629,9,SECCIÓN B — DMX STUDIO S1 (50),S1.3 — Distribución multi-canal,Embed code para landing del asesor,,,,,
630,10,SECCIÓN B — DMX STUDIO S1 (50),S1.3 — Distribución multi-canal,URL única trackeable + QR,,,,,
631,1,SECCIÓN B — DMX STUDIO S1 (50),S1.4 — Marketplace videos colonia (B2C público),Cliente busca colonia → ve videos hechos por asesores de esa colonia,,,,,
632,2,SECCIÓN B — DMX STUDIO S1 (50),S1.4 — Marketplace videos colonia (B2C público),"Filtro por tipo (vertical, casa, mixto)",,,,,
633,3,SECCIÓN B — DMX STUDIO S1 (50),S1.4 — Marketplace videos colonia (B2C público),Filtro por presupuesto,,,,,
634,4,SECCIÓN B — DMX STUDIO S1 (50),S1.4 — Marketplace videos colonia (B2C público),Sort por likes / views / recientes,,,,,
635,5,SECCIÓN B — DMX STUDIO S1 (50),S1.4 — Marketplace videos colonia (B2C público),CTA contacto asesor desde video,,,,,
636,6,SECCIÓN B — DMX STUDIO S1 (50),S1.4 — Marketplace videos colonia (B2C público),Comments + reactions público,,,,,
637,7,SECCIÓN B — DMX STUDIO S1 (50),S1.4 — Marketplace videos colonia (B2C público),Share native iOS/Android,,,,,
638,8,SECCIÓN B — DMX STUDIO S1 (50),S1.4 — Marketplace videos colonia (B2C público),Trending videos colonia (top 10 esta semana),,,,,
639,9,SECCIÓN B — DMX STUDIO S1 (50),S1.4 — Marketplace videos colonia (B2C público),"""Save to watch later"" lista personal",,,,,
640,10,SECCIÓN B — DMX STUDIO S1 (50),S1.4 — Marketplace videos colonia (B2C público),"Lead magnet ""envíame este video"" → captura email",,,,,
641,1,SECCIÓN B — DMX STUDIO S1 (50),S1.5 — Speech analytics + AI Coach,Transcripción automática Deepgram nova-3 ES-MX,,,,,
642,2,SECCIÓN B — DMX STUDIO S1 (50),S1.5 — Speech analytics + AI Coach,Análisis sentimiento pitch asesor,,,,,
643,3,SECCIÓN B — DMX STUDIO S1 (50),S1.5 — Speech analytics + AI Coach,"Detector palabras clave (""calidad"", ""ubicación"", ""inversión"")",,,,,
644,4,SECCIÓN B — DMX STUDIO S1 (50),S1.5 — Speech analytics + AI Coach,Tiempo de habla vs cliente (en grabaciones de visita),,,,,
645,5,SECCIÓN B — DMX STUDIO S1 (50),S1.5 — Speech analytics + AI Coach,"Filler words count (""eh"", ""este"")",,,,,
646,6,SECCIÓN B — DMX STUDIO S1 (50),S1.5 — Speech analytics + AI Coach,Recomendación AI Coach: 3 mejoras concretas,,,,,
647,7,SECCIÓN B — DMX STUDIO S1 (50),S1.5 — Speech analytics + AI Coach,Compare vs top performers anónimo,,,,,
648,8,SECCIÓN B — DMX STUDIO S1 (50),S1.5 — Speech analytics + AI Coach,Práctica con AI Coach simulado,,,,,
649,9,SECCIÓN B — DMX STUDIO S1 (50),S1.5 — Speech analytics + AI Coach,Histórico de mejora mes a mes,,,,,
650,10,SECCIÓN B — DMX STUDIO S1 (50),S1.5 — Speech analytics + AI Coach,Score speech 0-100,,,,,
651,1,SECCIÓN B — DMX STUDIO S1 (50),S1.6 — Series documentales (Wrapped + recurrentes),Wrapped año-fin auto (resumen colonia / asesor / desarrolladora),,,,,
652,2,SECCIÓN B — DMX STUDIO S1 (50),S1.6 — Series documentales (Wrapped + recurrentes),"Series recurrentes (""CDMX 2026"" episodio mensual)",,,,,
653,3,SECCIÓN B — DMX STUDIO S1 (50),S1.6 — Series documentales (Wrapped + recurrentes),Episodio por colonia (data-driven),,,,,
654,4,SECCIÓN B — DMX STUDIO S1 (50),S1.6 — Series documentales (Wrapped + recurrentes),Insertar testimoniales clientes,,,,,
655,5,SECCIÓN B — DMX STUDIO S1 (50),S1.6 — Series documentales (Wrapped + recurrentes),Música crescendo emocional auto,,,,,
656,6,SECCIÓN B — DMX STUDIO S1 (50),S1.6 — Series documentales (Wrapped + recurrentes),Distribución calendar programada,,,,,
657,7,SECCIÓN B — DMX STUDIO S1 (50),S1.6 — Series documentales (Wrapped + recurrentes),Push notifications cuando sale nuevo episodio,,,,,
658,8,SECCIÓN B — DMX STUDIO S1 (50),S1.6 — Series documentales (Wrapped + recurrentes),Embed en Marketplace + LinkedIn + YouTube,,,,,
659,9,SECCIÓN B — DMX STUDIO S1 (50),S1.6 — Series documentales (Wrapped + recurrentes),Suscripción episodios futuros (RSS-style),,,,,
660,10,SECCIÓN B — DMX STUDIO S1 (50),S1.6 — Series documentales (Wrapped + recurrentes),"Métricas series (views, completion rate)",,,,,
661,1,SECCIÓN B — DMX STUDIO S1 (50),S1.7 — Plan Fotógrafo B2B2C standalone,Plan separado para fotógrafos (no asesores) — ingresan a DMX como proveedor,,,,,
662,2,SECCIÓN B — DMX STUDIO S1 (50),S1.7 — Plan Fotógrafo B2B2C standalone,Marketplace fotógrafos por colonia,,,,,
663,3,SECCIÓN B — DMX STUDIO S1 (50),S1.7 — Plan Fotógrafo B2B2C standalone,Fotógrafos publican portfolios,,,,,
664,4,SECCIÓN B — DMX STUDIO S1 (50),S1.7 — Plan Fotógrafo B2B2C standalone,Reviews fotógrafos (5 estrellas + comments),,,,,
665,5,SECCIÓN B — DMX STUDIO S1 (50),S1.7 — Plan Fotógrafo B2B2C standalone,Booking directo desde DMX,,,,,
666,6,SECCIÓN B — DMX STUDIO S1 (50),S1.7 — Plan Fotógrafo B2B2C standalone,Stripe Connect split: cliente paga → fotógrafo recibe 80% / DMX 20%,,,,,
667,7,SECCIÓN B — DMX STUDIO S1 (50),S1.7 — Plan Fotógrafo B2B2C standalone,Check-in/check-out shoot,,,,,
668,8,SECCIÓN B — DMX STUDIO S1 (50),S1.7 — Plan Fotógrafo B2B2C standalone,Upload masivo fotos al proyecto del asesor cliente,,,,,
669,9,SECCIÓN B — DMX STUDIO S1 (50),S1.7 — Plan Fotógrafo B2B2C standalone,AI categoriza fotos (sala/cocina/recámara/exterior),,,,,
670,10,SECCIÓN B — DMX STUDIO S1 (50),S1.7 — Plan Fotógrafo B2B2C standalone,Watermark + entrega digital,,,,,
671,1,SECCIÓN B — DMX STUDIO S1 (50),S1.8 — Generación creativos estáticos (Propads-style),Generación 100 anuncios Meta Ads por propiedad desde URL portal externa,,,,,
672,2,SECCIÓN B — DMX STUDIO S1 (50),S1.8 — Generación creativos estáticos (Propads-style),Extracción auto datos (fotos + precio + ubicación + features) sin intervención,,,,,
673,3,SECCIÓN B — DMX STUDIO S1 (50),S1.8 — Generación creativos estáticos (Propads-style),7 ángulos de venta auto: Inversión / Lifestyle / Plusvalía / Familia / Urgencia / Ubicación / ROI,,,,,
674,4,SECCIÓN B — DMX STUDIO S1 (50),S1.8 — Generación creativos estáticos (Propads-style),Copy AI (hooks + headlines + CTAs optimizados por ángulo),,,,,
675,5,SECCIÓN B — DMX STUDIO S1 (50),S1.8 — Generación creativos estáticos (Propads-style),Brand Intelligence: aplica logo + colores corp del asesor/desarrolladora auto,,,,,
676,6,SECCIÓN B — DMX STUDIO S1 (50),S1.8 — Generación creativos estáticos (Propads-style),7 perfiles visuales por audiencia (joven / familia / ejecutivo / inversor / lujo / starter / retiro),,,,,
677,7,SECCIÓN B — DMX STUDIO S1 (50),S1.8 — Generación creativos estáticos (Propads-style),"Export ZIP Meta Ads ready (feed + stories + reels, 1:1 y 9:16, 4K)",,,,,
678,8,SECCIÓN B — DMX STUDIO S1 (50),S1.8 — Generación creativos estáticos (Propads-style),Compatible portales: EasyBroker + Inmuebles24 + Vivanuncios + MercadoLibre + Tokko + Zonaprop,,,,,
679,9,SECCIÓN B — DMX STUDIO S1 (50),S1.8 — Generación creativos estáticos (Propads-style),Dashboard tracking creativos: % conversión por ángulo + identifica ganadores AI,,,,,
680,10,SECCIÓN B — DMX STUDIO S1 (50),S1.8 — Generación creativos estáticos (Propads-style),25+ scripts WhatsApp pre-hechos cierre leads,,,,,
681,1,SECCIÓN B — DMX STUDIO S1 (50),S1.9 — AI Coach + Streaks + Community,AI Coach sessions personalizadas (chat con coach virtual),,,,,
682,2,SECCIÓN B — DMX STUDIO S1 (50),S1.9 — AI Coach + Streaks + Community,Streaks consecutivos de upload (gamification),,,,,
683,3,SECCIÓN B — DMX STUDIO S1 (50),S1.9 — AI Coach + Streaks + Community,Community challenges mensuales (mejor video colonia X),,,,,
684,4,SECCIÓN B — DMX STUDIO S1 (50),S1.9 — AI Coach + Streaks + Community,Leaderboard creators DMX Studio,,,,,
685,5,SECCIÓN B — DMX STUDIO S1 (50),S1.9 — AI Coach + Streaks + Community,Highlight reels automáticos (top videos del mes del creator),,,,,
686,6,SECCIÓN B — DMX STUDIO S1 (50),S1.9 — AI Coach + Streaks + Community,Zone videos auto (data-driven por colonia),,,,,
687,7,SECCIÓN B — DMX STUDIO S1 (50),S1.9 — AI Coach + Streaks + Community,Referral form (asesor invita asesor),,,,,
688,8,SECCIÓN B — DMX STUDIO S1 (50),S1.9 — AI Coach + Streaks + Community,Brand assets bucket (logos / fonts / colores per asesor),,,,,
689,9,SECCIÓN B — DMX STUDIO S1 (50),S1.9 — AI Coach + Streaks + Community,"Style templates pre-configurados (lujo, starter, familiar)",,,,,
690,10,SECCIÓN B — DMX STUDIO S1 (50),S1.9 — AI Coach + Streaks + Community,URL imports masivos (10+ propiedades a la vez),,,,,
691,1,SECCIÓN B — DMX STUDIO S1 (50),S1.10 — Listing health + Gallery analytics,Listing health score 0-100 por unidad publicada,,,,,
692,2,SECCIÓN B — DMX STUDIO S1 (50),S1.10 — Listing health + Gallery analytics,Detector fotos baja calidad,,,,,
693,3,SECCIÓN B — DMX STUDIO S1 (50),S1.10 — Listing health + Gallery analytics,Detector descripciones débiles,,,,,
694,4,SECCIÓN B — DMX STUDIO S1 (50),S1.10 — Listing health + Gallery analytics,Sugerencias mejora AI,,,,,
695,5,SECCIÓN B — DMX STUDIO S1 (50),S1.10 — Listing health + Gallery analytics,Gallery views log (qué fotos miran más),,,,,
696,6,SECCIÓN B — DMX STUDIO S1 (50),S1.10 — Listing health + Gallery analytics,Heat map clicks galería,,,,,
697,7,SECCIÓN B — DMX STUDIO S1 (50),S1.10 — Listing health + Gallery analytics,Recommendation: re-shoot fotos específicas,,,,,
698,8,SECCIÓN B — DMX STUDIO S1 (50),S1.10 — Listing health + Gallery analytics,Listing comparativo vs top performers,,,,,
699,9,SECCIÓN B — DMX STUDIO S1 (50),S1.10 — Listing health + Gallery analytics,Auto-republish con mejoras aplicadas,,,,,
700,10,SECCIÓN B — DMX STUDIO S1 (50),S1.10 — Listing health + Gallery analytics,Reporte mensual listing health asesor,,,,,
701,1,SECCIÓN C — CRM PULPPO+ DIFERENCIADORES (80),M03+ — Contactos avanzados (12),Argumentario AI inline (scoreC02) — RAG sobre perfil + historial + zone_scores → mensaje personalizado con citations inline,,,,,
702,2,SECCIÓN C — CRM PULPPO+ DIFERENCIADORES (80),M03+ — Contactos avanzados (12),Schema limpio jsonb arrays phones/emails (no heredado Pulppo),,,,,
703,3,SECCIÓN C — CRM PULPPO+ DIFERENCIADORES (80),M03+ — Contactos avanzados (12),normalize_phone() libphonenumber-js + unique index anti-duplicados,,,,,
704,4,SECCIÓN C — CRM PULPPO+ DIFERENCIADORES (80),M03+ — Contactos avanzados (12),search_vector GIN FTS Postgres (no Algolia como Pulppo),,,,,
705,5,SECCIÓN C — CRM PULPPO+ DIFERENCIADORES (80),M03+ — Contactos avanzados (12),4 tabs detalle (Info / Timeline / Búsquedas / Notas),,,,,
706,6,SECCIÓN C — CRM PULPPO+ DIFERENCIADORES (80),M03+ — Contactos avanzados (12),Timeline calls/visits/emails/WhatsApps/operaciones orden desc,,,,,
707,7,SECCIÓN C — CRM PULPPO+ DIFERENCIADORES (80),M03+ — Contactos avanzados (12),Bulk actions (export CSV / cambio temperatura / add tag / soft delete / send to campaña),,,,,
708,8,SECCIÓN C — CRM PULPPO+ DIFERENCIADORES (80),M03+ — Contactos avanzados (12),"Virtual scroll (sin límite resultados, 500+ filas fluido)",,,,,
709,9,SECCIÓN C — CRM PULPPO+ DIFERENCIADORES (80),M03+ — Contactos avanzados (12),"Gamification XP por acción (crear contacto +10 XP, etc.)",,,,,
710,10,SECCIÓN C — CRM PULPPO+ DIFERENCIADORES (80),M03+ — Contactos avanzados (12),"Botón ""Argumentario AI"" con preview drawer + Enviar WhatsApp/Email/Borrador",,,,,
711,11,SECCIÓN C — CRM PULPPO+ DIFERENCIADORES (80),M03+ — Contactos avanzados (12),Picker internacional libphonenumber-js,,,,,
712,12,SECCIÓN C — CRM PULPPO+ DIFERENCIADORES (80),M03+ — Contactos avanzados (12),Highlights matches FTS en nombre/email/phone,,,,,
713,1,SECCIÓN C — CRM PULPPO+ DIFERENCIADORES (80),M04+ — Búsquedas pipeline kanban (16),"Drag&drop kanban funcional (Pulppo lo rompió, forzaba menú 4 taps)",,,,,
714,2,SECCIÓN C — CRM PULPPO+ DIFERENCIADORES (80),M04+ — Búsquedas pipeline kanban (16),6 columnas visibles: Pendiente / Buscando / Visitando / Ofertando / Cerrando / Ganada + 1 oculta Perdida,,,,,
715,3,SECCIÓN C — CRM PULPPO+ DIFERENCIADORES (80),M04+ — Búsquedas pipeline kanban (16),Matcher engine 5 dimensions deterministic: price 30% + zoneIE 25% + amenities 20% + family 15% + DISC 10%,,,,,
716,4,SECCIÓN C — CRM PULPPO+ DIFERENCIADORES (80),M04+ — Búsquedas pipeline kanban (16),"Rationale chips por match (""Colonia preferida"", ""Precio dentro rango"")",,,,,
717,5,SECCIÓN C — CRM PULPPO+ DIFERENCIADORES (80),M04+ — Búsquedas pipeline kanban (16),"Wizard Ofertar 6 pasos con ""Pegar liga"" parser EasyBroker/ML/Inmuebles24 auto-extracción",,,,,
718,6,SECCIÓN C — CRM PULPPO+ DIFERENCIADORES (80),M04+ — Búsquedas pipeline kanban (16),Notas 3 niveles visibility (Privada / Inmobiliaria / DMX),,,,,
719,7,SECCIÓN C — CRM PULPPO+ DIFERENCIADORES (80),M04+ — Búsquedas pipeline kanban (16),Historial cross-agencia del contacto,,,,,
720,8,SECCIÓN C — CRM PULPPO+ DIFERENCIADORES (80),M04+ — Búsquedas pipeline kanban (16),17 fuentes contacto MX (Inmuebles24 / Facebook / WhatsApp / MercadoLibre / Portal Terreno / Vivanuncios / ICasas / Propiedades.com / DMX marketplace + 8 más),,,,,
721,9,SECCIÓN C — CRM PULPPO+ DIFERENCIADORES (80),M04+ — Búsquedas pipeline kanban (16),"Validaciones HARD por etapa (a ""Visitando"" requiere ≥1 visita registrada antes de avanzar)",,,,,
722,10,SECCIÓN C — CRM PULPPO+ DIFERENCIADORES (80),M04+ — Búsquedas pipeline kanban (16),Suggest semantic match C03 (Anthropic post-shipped),,,,,
723,11,SECCIÓN C — CRM PULPPO+ DIFERENCIADORES (80),M04+ — Búsquedas pipeline kanban (16),Sort matches: operación > tipo > colonia > precio > recámaras,,,,,
724,12,SECCIÓN C — CRM PULPPO+ DIFERENCIADORES (80),M04+ — Búsquedas pipeline kanban (16),DMX Score + match score % visible en cada match,,,,,
725,13,SECCIÓN C — CRM PULPPO+ DIFERENCIADORES (80),M04+ — Búsquedas pipeline kanban (16),Acciones por match: Compartir con contacto / Agendar visita / Descartar,,,,,
726,14,SECCIÓN C — CRM PULPPO+ DIFERENCIADORES (80),M04+ — Búsquedas pipeline kanban (16),Lead Score C01 badge integrado,,,,,
727,15,SECCIÓN C — CRM PULPPO+ DIFERENCIADORES (80),M04+ — Búsquedas pipeline kanban (16),Optimistic update + rollback si falla validación,,,,,
728,16,SECCIÓN C — CRM PULPPO+ DIFERENCIADORES (80),M04+ — Búsquedas pipeline kanban (16),"Gamification: +25 XP al pasar a ""Ganada""",,,,,
729,1,SECCIÓN C — CRM PULPPO+ DIFERENCIADORES (80),M05+ — Captaciones pipeline (14),Anti phantom drafts: requiere mínimo dirección + tipo + precio ANTES de crear,,,,,
730,2,SECCIÓN C — CRM PULPPO+ DIFERENCIADORES (80),M05+ — Captaciones pipeline (14),Ubicación cascada País→Estado→Ciudad→Colonia (autocompletado INEGI + geocoder),,,,,
731,3,SECCIÓN C — CRM PULPPO+ DIFERENCIADORES (80),M05+ — Captaciones pipeline (14),17 tipos propiedad + 47 amenidades + 42 espacios filtrados por país+tipo,,,,,
732,4,SECCIÓN C — CRM PULPPO+ DIFERENCIADORES (80),M05+ — Captaciones pipeline (14),6 etapas pipeline: Pendiente / Seguimiento / Encuentro / Valuación / Documentación / Captado,,,,,
733,5,SECCIÓN C — CRM PULPPO+ DIFERENCIADORES (80),M05+ — Captaciones pipeline (14),Panel Seguimiento: urgencia_venta + motivo + posibilidad + inicio_comercialización,,,,,
734,6,SECCIÓN C — CRM PULPPO+ DIFERENCIADORES (80),M05+ — Captaciones pipeline (14),Panel Encuentro: motivo + fecha/hora + location (presencial/virtual) + notas,,,,,
735,7,SECCIÓN C — CRM PULPPO+ DIFERENCIADORES (80),M05+ — Captaciones pipeline (14),Panel Valuación: ACM automático + comparables top 5 + confidence (alta/media/baja),,,,,
736,8,SECCIÓN C — CRM PULPPO+ DIFERENCIADORES (80),M05+ — Captaciones pipeline (14),Panel Documentación: checklist (escrituras / predial / no adeudo agua / identificación / acta matrimonial / KYC),,,,,
737,9,SECCIÓN C — CRM PULPPO+ DIFERENCIADORES (80),M05+ — Captaciones pipeline (14),Panel Captado: firma digital acuerdo comercial via Mifiel NOM-151,,,,,
738,10,SECCIÓN C — CRM PULPPO+ DIFERENCIADORES (80),M05+ — Captaciones pipeline (14),Acuerdo comercial: comisión desde 1% + exclusividad 3/6/9/12m configurables,,,,,
739,11,SECCIÓN C — CRM PULPPO+ DIFERENCIADORES (80),M05+ — Captaciones pipeline (14),Editor 6 secciones: Ubicación / Características / Operación / Promoción AI / Info Interna / Galería,,,,,
740,12,SECCIÓN C — CRM PULPPO+ DIFERENCIADORES (80),M05+ — Captaciones pipeline (14),Galería classify AI (sala/cocina/recámara/baño/fachada/exterior),,,,,
741,13,SECCIÓN C — CRM PULPPO+ DIFERENCIADORES (80),M05+ — Captaciones pipeline (14),Menú ··· 8 acciones (Compartir Radar QR / Cambiar estado / Encuentros / Tareas / Notas / Publicar / Duplicar / Cerrar irreversible),,,,,
742,14,SECCIÓN C — CRM PULPPO+ DIFERENCIADORES (80),M05+ — Captaciones pipeline (14),"Cerrar captación irreversible: requiere ""Escribe CERRAR"" confirmation",,,,,
743,1,SECCIÓN C — CRM PULPPO+ DIFERENCIADORES (80),M06+ — Tareas avanzadas (10),Date picker absoluto (NO solo períodos relativos como Pulppo),,,,,
744,2,SECCIÓN C — CRM PULPPO+ DIFERENCIADORES (80),M06+ — Tareas avanzadas (10),"Campo prioridad (alta/media/baja) en creación, no solo filtro",,,,,
745,3,SECCIÓN C — CRM PULPPO+ DIFERENCIADORES (80),M06+ — Tareas avanzadas (10),Integración nativa Google Calendar OAuth (sync bidirectional),,,,,
746,4,SECCIÓN C — CRM PULPPO+ DIFERENCIADORES (80),M06+ — Tareas avanzadas (10),"Widget ""Tareas del día"" en M01 Dashboard",,,,,
747,5,SECCIÓN C — CRM PULPPO+ DIFERENCIADORES (80),M06+ — Tareas avanzadas (10),Campo redirect_to (URL al completar — bugfix typo `reddirectTo` Pulppo),,,,,
748,6,SECCIÓN C — CRM PULPPO+ DIFERENCIADORES (80),M06+ — Tareas avanzadas (10),5 types internos: property/capture/search/client/lead/general,,,,,
749,7,SECCIÓN C — CRM PULPPO+ DIFERENCIADORES (80),M06+ — Tareas avanzadas (10),4 tipos fijos detalle: Contactar propietario / Organizar visita / Organizar captación / Pedir devolución,,,,,
750,8,SECCIÓN C — CRM PULPPO+ DIFERENCIADORES (80),M06+ — Tareas avanzadas (10),Vista manager equipo con drag reasignar tareas,,,,,
751,9,SECCIÓN C — CRM PULPPO+ DIFERENCIADORES (80),M06+ — Tareas avanzadas (10),Permissions.tasks.view granular (asesor / equipo / global),,,,,
752,10,SECCIÓN C — CRM PULPPO+ DIFERENCIADORES (80),M06+ — Tareas avanzadas (10),3 columnas visuales (Propiedades / Clientes / Prospectos) sort vencidas primero,,,,,
753,1,SECCIÓN C — CRM PULPPO+ DIFERENCIADORES (80),M07+ — Operaciones avanzadas (16),Wizard 6 pasos crear operación con partes claramente identificadas,,,,,
754,2,SECCIÓN C — CRM PULPPO+ DIFERENCIADORES (80),M07+ — Operaciones avanzadas (16),Selector side: AMBOS LADOS / LADO VENDEDOR / LADO COMPRADOR (descripciones claras),,,,,
755,3,SECCIÓN C — CRM PULPPO+ DIFERENCIADORES (80),M07+ — Operaciones avanzadas (16),IVA 16% automático explícito (4% comisión → 4.64% total visible),,,,,
756,4,SECCIÓN C — CRM PULPPO+ DIFERENCIADORES (80),M07+ — Operaciones avanzadas (16),"Split plataforma 20% EXPLÍCITO (""Tu inmobiliaria 80% / DMX 20%"") — Pulppo lo oculta",,,,,
757,5,SECCIÓN C — CRM PULPPO+ DIFERENCIADORES (80),M07+ — Operaciones avanzadas (16),side CHECK (ambos/comprador/vendedor) — sin columna duplicada,,,,,
758,6,SECCIÓN C — CRM PULPPO+ DIFERENCIADORES (80),M07+ — Operaciones avanzadas (16),Status canon 6 estados: propuesta / oferta_aceptada / escritura / cerrada / pagando / cancelada,,,,,
759,7,SECCIÓN C — CRM PULPPO+ DIFERENCIADORES (80),M07+ — Operaciones avanzadas (16),Código único auto: `{3-alphanum}-{4-initials}-{4-initials}` (ej. `98A-ACOS-ACOS`),,,,,
760,8,SECCIÓN C — CRM PULPPO+ DIFERENCIADORES (80),M07+ — Operaciones avanzadas (16),Ciclo cobro: pending → paid (parcial) → closed → expired,,,,,
761,9,SECCIÓN C — CRM PULPPO+ DIFERENCIADORES (80),M07+ — Operaciones avanzadas (16),RFC + CFDI 4.0 auto-emit + Mifiel NOM-151 (fiscalidad MX real),,,,,
762,10,SECCIÓN C — CRM PULPPO+ DIFERENCIADORES (80),M07+ — Operaciones avanzadas (16),Conversión FX USD/MXN/AED (Open Exchange Rates API),,,,,
763,11,SECCIÓN C — CRM PULPPO+ DIFERENCIADORES (80),M07+ — Operaciones avanzadas (16),Integración PAC (timbrado CFDI),,,,,
764,12,SECCIÓN C — CRM PULPPO+ DIFERENCIADORES (80),M07+ — Operaciones avanzadas (16),Retención ISR auto-calculada,,,,,
765,13,SECCIÓN C — CRM PULPPO+ DIFERENCIADORES (80),M07+ — Operaciones avanzadas (16),"""Pegar liga"" EasyBroker/ML/Inmuebles24 parser → llena campos auto",,,,,
766,14,SECCIÓN C — CRM PULPPO+ DIFERENCIADORES (80),M07+ — Operaciones avanzadas (16),Declaración jurada checkbox OBLIGATORIO antes submit,,,,,
767,15,SECCIÓN C — CRM PULPPO+ DIFERENCIADORES (80),M07+ — Operaciones avanzadas (16),Multi-currency MXN/USD/AED simultáneo (FX rate aplicado),,,,,
768,16,SECCIÓN C — CRM PULPPO+ DIFERENCIADORES (80),M07+ — Operaciones avanzadas (16),Validaciones por transición estado (escritura → cerrada requiere firma Mifiel completa + CFDI emitido),,,,,
769,1,SECCIÓN C — CRM PULPPO+ DIFERENCIADORES (80),M13+ — CRM Dev (10),Pipeline kanban 5 columnas: Lead → Interés → Visita → Oferta → Cierre,,,,,
770,2,SECCIÓN C — CRM PULPPO+ DIFERENCIADORES (80),M13+ — CRM Dev (10),Asignación automática a asesor aliado (project_brokers vinculados al proyecto),,,,,
771,3,SECCIÓN C — CRM PULPPO+ DIFERENCIADORES (80),M13+ — CRM Dev (10),Reasignación manual por developer admin,,,,,
772,4,SECCIÓN C — CRM PULPPO+ DIFERENCIADORES (80),M13+ — CRM Dev (10),"Timeline cross-channel del lead (web visit, form submit, WA reply, visit scheduled, offer sent)",,,,,
773,5,SECCIÓN C — CRM PULPPO+ DIFERENCIADORES (80),M13+ — CRM Dev (10),Inbox unificado (Resend inbound webhook + Meta WA Business + CRM events),,,,,
774,6,SECCIÓN C — CRM PULPPO+ DIFERENCIADORES (80),M13+ — CRM Dev (10),Reply inline por canal correspondiente con auto-link a lead,,,,,
775,7,SECCIÓN C — CRM PULPPO+ DIFERENCIADORES (80),M13+ — CRM Dev (10),Lead scoring C01 (0-100) con factores: fuente + engagement + demografía + intent signals,,,,,
776,8,SECCIÓN C — CRM PULPPO+ DIFERENCIADORES (80),M13+ — CRM Dev (10),Sort default: hot leads primero,,,,,
777,9,SECCIÓN C — CRM PULPPO+ DIFERENCIADORES (80),M13+ — CRM Dev (10),Tareas team dev (types: follow_up_lead / prepare_proposal / send_docs / internal),,,,,
778,10,SECCIÓN C — CRM PULPPO+ DIFERENCIADORES (80),M13+ — CRM Dev (10),Quality requirements para Captación → Publicado en marketplace,,,,,
779,1,SECCIÓN C — CRM PULPPO+ DIFERENCIADORES (80),Bonus +2 cross — total 80 ✓,Trust Score automático asesor calculado de operaciones cerradas + reviews,,,,,
780,2,SECCIÓN C — CRM PULPPO+ DIFERENCIADORES (80),Bonus +2 cross — total 80 ✓,DISC + Big Five híbrido test inline (pregunta a contactos para profile matching),,,,,
781,1,SECCIÓN D — CAYA-STYLE COMPRADOR (10),C11 — Asistente conversacional Emmi-style,Asistente AI conversacional dual web + WhatsApp Business,,,,,
782,2,SECCIÓN D — CAYA-STYLE COMPRADOR (10),C11 — Asistente conversacional Emmi-style,Búsqueda 100% lenguaje natural sin filtros tradicionales,,,,,
783,3,SECCIÓN D — CAYA-STYLE COMPRADOR (10),C11 — Asistente conversacional Emmi-style,"Descubre propiedades ""ocultas"" cruzando intent + IE Score (no solo título)",,,,,
784,4,SECCIÓN D — CAYA-STYLE COMPRADOR (10),C11 — Asistente conversacional Emmi-style,Shortcuts dinámicos colonias trending (auto-update por demanda real),,,,,
785,5,SECCIÓN D — CAYA-STYLE COMPRADOR (10),C11 — Asistente conversacional Emmi-style,Hand-off humano automático cuando lead caliente (score >70) → asesor toma,,,,,
786,6,SECCIÓN D — CAYA-STYLE COMPRADOR (10),C11 — Asistente conversacional Emmi-style,Agendamiento visitas integrado (calendar asesor sync),,,,,
787,7,SECCIÓN D — CAYA-STYLE COMPRADOR (10),C11 — Asistente conversacional Emmi-style,"Memoria de conversación cross-session (recuerda búsquedas previas, preferences)",,,,,
788,8,SECCIÓN D — CAYA-STYLE COMPRADOR (10),C11 — Asistente conversacional Emmi-style,QR public en marketing materials que abre WA bot directo,,,,,
789,9,SECCIÓN D — CAYA-STYLE COMPRADOR (10),C11 — Asistente conversacional Emmi-style,Multi-idioma es-MX + en-US (Dubai) con auto-detect,,,,,
790,10,SECCIÓN D — CAYA-STYLE COMPRADOR (10),C11 — Asistente conversacional Emmi-style,Voice notes input (cliente envía nota voz → bot procesa con Whisper/Deepgram),,,,,
791,1,SECCIÓN E — CUALQUIER-LINK BRANDED (12),A11 — Cualquier propiedad → Ficha DMX branded asesor,Asesor pega URL propiedad externa (Inmuebles24/Vivanuncios/ML/EasyBroker/Tokko/Zonaprop/cualquier portal con URL pública),,,,,
792,2,SECCIÓN E — CUALQUIER-LINK BRANDED (12),A11 — Cualquier propiedad → Ficha DMX branded asesor,Scrapea + parsea: fotos + precio + m² + recámaras + ubicación + descripción + amenidades,,,,,
793,3,SECCIÓN E — CUALQUIER-LINK BRANDED (12),A11 — Cualquier propiedad → Ficha DMX branded asesor,Genera ficha DMX-hosted con branding asesor (logo + colores + foto + contacto WhatsApp),,,,,
794,4,SECCIÓN E — CUALQUIER-LINK BRANDED (12),A11 — Cualquier propiedad → Ficha DMX branded asesor,URL única trackeable (ej. asesor-juan.dmx.com/propiedad-abc123),,,,,
795,5,SECCIÓN E — CUALQUIER-LINK BRANDED (12),A11 — Cualquier propiedad → Ficha DMX branded asesor,Datos source REMOVIDOS (teléfono/email/branding portal competidor),,,,,
796,6,SECCIÓN E — CUALQUIER-LINK BRANDED (12),A11 — Cualquier propiedad → Ficha DMX branded asesor,"Disclaimer auto ""Información de portal externo, validar con asesor""",,,,,
797,7,SECCIÓN E — CUALQUIER-LINK BRANDED (12),A11 — Cualquier propiedad → Ficha DMX branded asesor,IE Score colonia visible (data DMX original — diferenciador vs portal source),,,,,
798,8,SECCIÓN E — CUALQUIER-LINK BRANDED (12),A11 — Cualquier propiedad → Ficha DMX branded asesor,Comparativa con propiedades similares DMX (cross-sell tu inventario),,,,,
799,9,SECCIÓN E — CUALQUIER-LINK BRANDED (12),A11 — Cualquier propiedad → Ficha DMX branded asesor,Cálculo hipotecario integrado,,,,,
800,10,SECCIÓN E — CUALQUIER-LINK BRANDED (12),A11 — Cualquier propiedad → Ficha DMX branded asesor,Tracking visitor del cliente (notif WhatsApp al asesor cuando entra),,,,,
801,11,SECCIÓN E — CUALQUIER-LINK BRANDED (12),A11 — Cualquier propiedad → Ficha DMX branded asesor,Watermark dinámico nombre cliente (anti-leak / anti-screenshot),,,,,
802,12,SECCIÓN E — CUALQUIER-LINK BRANDED (12),A11 — Cualquier propiedad → Ficha DMX branded asesor,"Detector ""esta propiedad ya está como exclusiva DMX"" → redirige a versión nativa",,,,,
803,1,SECCIÓN F — PUBLIC WIDGETS B2B (10),G1 — Public embed widgets B2B,Widget embebible `<DMXSearch />` vía iframe + JS SDK,,,,,
804,2,SECCIÓN F — PUBLIC WIDGETS B2B (10),G1 — Public embed widgets B2B,Configuración por partner: branding propio (logo + colores) + filtros pre-set,,,,,
805,3,SECCIÓN F — PUBLIC WIDGETS B2B (10),G1 — Public embed widgets B2B,White-label opcional (subdomain partner.dmx.com),,,,,
806,4,SECCIÓN F — PUBLIC WIDGETS B2B (10),G1 — Public embed widgets B2B,API REST type-safe + webhooks bidireccionales,,,,,
807,5,SECCIÓN F — PUBLIC WIDGETS B2B (10),G1 — Public embed widgets B2B,Dashboard partner: traffic + leads generated + commissions earned,,,,,
808,6,SECCIÓN F — PUBLIC WIDGETS B2B (10),G1 — Public embed widgets B2B,Tracking pixel attribution + revenue share auto,,,,,
809,7,SECCIÓN F — PUBLIC WIDGETS B2B (10),G1 — Public embed widgets B2B,"Multi-tenant analytics (DMX ve agregado, partner solo lo suyo)",,,,,
810,8,SECCIÓN F — PUBLIC WIDGETS B2B (10),G1 — Public embed widgets B2B,CFDI auto-emit comisiones partner mensual,,,,,
811,9,SECCIÓN F — PUBLIC WIDGETS B2B (10),G1 — Public embed widgets B2B,SDK npm publicable (`@dmx/embed`) para integración fácil,,,,,
812,10,SECCIÓN F — PUBLIC WIDGETS B2B (10),G1 — Public embed widgets B2B,Target H1 partners: BBVA + Santander + Banorte + Citibanamex + FIBRA UNO + 1-2 fintech (Albo / Stori),,,,,
